Name,Price,price_with_discount,Image,Link,Designer:,Categories :,Sub-category:,Condition:,Online since:,Color:,Material:,Category:,Discription,Location:,Reference:,Size:,Measurement,Model:,Style:,Place of purchase:
Shirt Prada Blue size 17.5 UK ,$115.50,,"https://images.vestiairecollective.com/images/resized/w=1246,q=75,f=auto,/produit/blue-cotton-prada-shirt-42804505-1_3.jpg",https://www.vestiairecollective.com/men-clothing/shirts/prada/blue-cotton-prada-shirt-42804505.shtml,Prada,Men,Shirts,Very good condition,2024-03-31,Blue,Cotton,Clothing,"Size 44 cm / 17.5 in
Gently Used
Has minor fading on collar 

Measurements:
Chest 22.05 in / 56 cm
Length 32.68 in / 83 cm
Shoulders 20.87 in / 53 cm
Sleeve Length 27.56 in / 70 cm

Y0230","('Poland, from the seller Hleb',)",42804505,17.5 UK - US (tour de cou / collar),"Length:32.7 in
Shoulder width:20.9 in",,,
Mombasa leather crossbody bag Yves Saint Laurent Black in Leather ,$299,$272,"https://images.vestiairecollective.com/images/resized/w=1246,q=75,f=auto,/produit/black-leather-mombasa-yves-saint-laurent-handbag-42710635-1_2.jpg",https://www.vestiairecollective.com/women-bags/handbags/yves-saint-laurent/black-leather-mombasa-yves-saint-laurent-handbag-42710635.shtml,Yves Saint Laurent,Women,Handbags,Very good condition,2024-03-27,Black,Leather,Bags,"Dive into the epitome of vintage elegance with Stefany Bags Shoes and More's offering: a Yves Saint Laurent Black Lizard Crossbody Bag. This refined accessory, measuring an ideal 8 inches in height and 7 inches in width, crafts the perfect ...","United States, from the seller Stefany Bags",,,"Width:8 in
Height:7 in",Mombasa,"('Vintage',)",
Chocolate leather flats Prada Silver size 36 EU in Leather ,$990,$935,"https://images.vestiairecollective.com/images/resized/w=1246,q=75,f=auto,/produit/silver-leather-chocolate-prada-flats-42684907-1_2.jpg",https://www.vestiairecollective.com/women-shoes/flats/prada/silver-leather-chocolate-prada-flats-42684907.shtml,Prada,Women,Flats,"Never worn, with tag",2024-03-26,Silver,Leather,Shoes,"Brand new in box. 100% Authentic 

Prada Silver Metallic Loafers

Size 36

Color- Silver

These loafers with a pronounced toe reimagine the classic penny loafer with a thick rubber sole for a modern look and are decorated with the enameled ...","United States, from the seller Lux",,"('36 EU',)",,chocolate,,
Sunglasses Louis Vuitton Multicolour in Plastic ,$495,,"https://images.vestiairecollective.com/images/resized/w=1246,q=75,f=auto,/produit/multicolour-plastic-louis-vuitton-sunglasses-42751020-1_4.jpg",https://www.vestiairecollective.com/men-accessories/sunglasses/louis-vuitton/multicolour-plastic-louis-vuitton-sunglasses-42751020.shtml,Louis Vuitton,Men,Sunglasses,"Never worn, with tag",2024-03-29,Multicolour,Plastic,Accessories,"Louis Vuitton Sunglasses 20321U WATER 4Motion with pouch case and 2 straps.

They are brand new from my personal collection it is a super rare item.","United States, from the seller Kanara","('42751020',)",,,,,
Pocket leather tote Burberry Black in Leather ,$840,,"https://images.vestiairecollective.com/images/resized/w=1246,q=75,f=auto,/produit/black-leather-pocket-burberry-handbag-37762299-1_1.jpg",https://www.vestiairecollective.com/women-bags/handbags/burberry/black-leather-pocket-burberry-handbag-37762299.shtml,Burberry,Women,Handbags,Very good condition,2023-10-23,Black,Leather,Bags,"Burberry Pocket Tote in black leather. Magnetic top handle closure. Front exterior pocket with magnetic closure. Silver-toned hardware. Made in Italy.
Measurements: Width 36.5cm, Height 26cm, Depth 20cm

Please note: minor scratches to leat...","('Vestiaire Collective United States',)",37762299,,"Width:14.4 in
Height:10.2 in",Pocket,,
Leather high trainers Gucci Multicolour size 9 UK in Leather ,$385,$330,"https://images.vestiairecollective.com/images/resized/w=1246,q=75,f=auto,/produit/multicolour-leather-gucci-trainers-41399796-1_2.jpg",https://www.vestiairecollective.com/men-shoes/trainers/gucci/multicolour-leather-gucci-trainers-41399796.shtml,Gucci,Men,Trainers,Never worn,2024-02-15,Multicolour,Leather,Shoes,"Gucci Men's High Top Basket Sneakers. New. Come with box and dust bags. Retail $980. Size uk 9. 

Lace-up closure
Crafted from a mix of GG Supreme canvas and black Demetra. Created with the same processes used for tanning, the new material ...","('United States, from the seller veronica',)",41399796,9 UK,Shoe box,,,
Super king leather trainers Dolce & Gabbana Other size 39 EU in Leather ,$356.73,,"https://images.vestiairecollective.com/images/resized/w=1246,q=75,f=auto,/produit/other-leather-super-king-dolce-gabbana-trainers-42806227-1_3.jpg",https://www.vestiairecollective.com/women-shoes/trainers/dolce-gabbana/other-leather-super-king-dolce-gabbana-trainers-42806227.shtml,Dolce & Gabbana,Women,Trainers,Good condition,2024-03-31,Other,Leather,Shoes,Dolce&Gabbana Super King Black and White 39,"Austria, from the seller Ajla",,"('39 EU',)",,Super King,,
Cloth handbag Dior Black in Cloth ,$154,,"https://images.vestiairecollective.com/images/resized/w=1246,q=75,f=auto,/produit/black-cloth-dior-handbag-42284219-1_2.jpg",https://www.vestiairecollective.com/women-bags/handbags/dior/black-cloth-dior-handbag-42284219.shtml,Dior,Women,Handbags,Fair condition,2024-03-13,Black,Cloth,Bags,"Brand Name: Christian Dior Vintage Honeycomb Monogrammed  Shoulder Bag/Clutch 
üíØ Authentic. Absolutely stunning piece perfect to give you the chic and classy look you desire.

Description: Features chain straps, front flap button closure a...","('United States, from the seller Daniel',)",42284219,,"Width:8 in
Height:6 in",,Vintage,
Medium shopping bag vegan leather handbag Telfar Brown in Vegan leather ,$537.90,$471.90,"https://images.vestiairecollective.com/images/resized/w=1246,q=75,f=auto,/produit/brown-vegan-leather-medium-shopping-bag-telfar-handbag-39288690-1_4.jpg",https://www.vestiairecollective.com/women-bags/handbags/telfar/brown-vegan-leather-medium-shopping-bag-telfar-handbag-39288690.shtml,Telfar,Women,Handbags,"Never worn, with tag",2023-12-07,Brown,Vegan leather,Bags,"Telfar Medium shopping bag in tan color
New with tags, includes dust bag and plastic bag, never used!","('United States, from the seller Mary',)",39288690,,"Width:15 in
Height:11 in
Depth:5 in",Medium Shopping Bag,,
Leather sandals Rick Owens Black size 10 US in Leather ,$246.47,,"https://images.vestiairecollective.com/images/resized/w=1246,q=75,f=auto,/produit/black-leather-rick-owens-sandals-41988970-1_1.jpg",https://www.vestiairecollective.com/men-shoes/sandals/rick-owens/black-leather-rick-owens-sandals-41988970.shtml,Rick Owens,Men,Sandals,Very good condition,2024-03-04,Black,Leather,Shoes,"Rick Owen Ruhlmann Granola slides in black leather. Leather insole. Slip on style. Pair of black leather sandals. Thong strap. Made in Italy.
Size 10 US.","('Vestiaire Collective United States',)",41988970,10 US,,,,
Boots Gucci Blue size 12 US in Rubber ,$136.40,,"https://images.vestiairecollective.com/images/resized/w=1246,q=75,f=auto,/produit/blue-rubber-gucci-boots-38901914-1_2.jpg",https://www.vestiairecollective.com/kids-shoes/boots/gucci/blue-rubber-gucci-boots-38901914.shtml,Gucci,Kids,Boots,Never worn,2023-11-23,Blue,Rubber,Shoes,"Gucci Kid's Children's Blue Rubber Rain Boot with Horsebit Gucci 29/US 12 285288 4073


AUTHENTIC BRAND NEW GUCCI BOOTS


MADE IN ITALY


Gucci Size: 29
US Size: 12
Length (inches): 7.1


FEATURES:


Made of rubber
Leather trim
Horsebit det...","('United States, from the seller Hotter Cooler',)",38901914,12 US,Length:7.1 in,,,
Grenoble jacket Moncler Black size 4 0,$552.14,,"https://images.vestiairecollective.com/images/resized/w=1246,q=75,f=auto,/produit/black-polyester-grenoble-moncler-jacket-42806825-1.jpg",https://www.vestiairecollective.com/women-clothing/jackets/moncler/black-polyester-grenoble-moncler-jacket-42806825.shtml,Moncler,Women,Jackets,"Never worn, with tag",2024-03-30,Black,Polyester,Clothing,"Moncler , Grenoble, Day-namic Water Resistant Goretex Jacket 

Style: Maules 
Size: 4 
Composition: 100% Polyester 
Measurements: 59cm Chest , 63cm Length 

Brand New With Original Tags Attached. 

This item has been sourced through Vestiai...","United States, from the seller christine",,"('4 0-5',)",,Grenoble,,
Jacket Gucci Red size 2 years ,$324.50,$284.90,"https://images.vestiairecollective.com/images/resized/w=1246,q=75,f=auto,/produit/red-cotton-gucci-jacket-coat-40217418-1_4.jpg",https://www.vestiairecollective.com/kids-boys/jackets-coats/gucci/red-cotton-gucci-jacket-coat-40217418.shtml,Gucci,Kids,Jackets & Coats,"Never worn, with tag",2024-01-09,Red,Cotton,Boys,Brand new with tag and spare buttons. Gucci Plaid Red Off White Suit Top Blazer Kids Bee Logo Embroidered. Size 24 months children. Made in Italy. Be sure to turn heads! MSRP: $725 after taxes.,"('United States, from the seller Ben',)",,2 years - until 34 inches UK,,,,Private sale
Velvet flats Yves Saint Laurent Green size 8 US in Velvet ,$97,,"https://images.vestiairecollective.com/images/resized/w=1246,q=75,f=auto,/produit/green-velvet-yves-saint-laurent-flats-42585728-1_2.jpg",https://www.vestiairecollective.com/women-shoes/flats/yves-saint-laurent/green-velvet-yves-saint-laurent-flats-42585728.shtml,Yves Saint Laurent,Women,Flats,Very good condition,2024-03-23,Green,Velvet,Shoes,"Yves Saint Laurent YSL Logo Slipper - Green Velour

100% Authentic - Money-Back Guarantee

Condition Notes:-
Unworn NOS Vintage condition
Some signs of wear possible due to storage

- One Size (Approx. US 8)
- Embroidered logo at toebox

FR...","United States, from the seller Provenance",,8 US,,,"('Vintage',)",
Cloth wallet Louis Vuitton Brown in Cloth ,$192.50,$148.50,"https://images.vestiairecollective.com/images/resized/w=1246,q=75,f=auto,/produit/brown-cloth-louis-vuitton-wallet-42563068-1_2.jpg",https://www.vestiairecollective.com/women-accessories/wallet/louis-vuitton/brown-cloth-louis-vuitton-wallet-42563068.shtml,Louis Vuitton,Women,Wallets,Very good condition,2024-03-22,Brown,Cloth,Accessories,"Very nice Damier Ebene compact wallet. Outside shows minor wear. Interior shows minor wear on exterior pockets, change pocket, shows peeling on inside pockets. Structure of wallet still very solid. Date code: indicates a production date of ...","('United States, from the seller Stephanie',)",42563068,,"Width:4.25 in
Height:4 in",,Vintage,
Leather handbag Burberry Black in Leather ,$605,,"https://images.vestiairecollective.com/images/resized/w=1246,q=75,f=auto,/produit/black-leather-burberry-handbag-42813621-1_2.jpg",https://www.vestiairecollective.com/women-bags/handbags/burberry/black-leather-burberry-handbag-42813621.shtml,Burberry,Women,Handbags,"Never worn, with tag",2024-03-31,Black,Leather,Bags,"Burberry Hampshire Horse Check Canvas Derby Leather Crossbody Bag Black

Brand New with tag and dust bag.

Description:
-Article No. 8062807 1
‚Ä¢The Burberry Hampshire bag presents a slim elegant design. It is a compact crossbody bag panelle...","United States, from the seller Chelsea","('42813621',)",,"Width:7 in
Height:5 in",,,
Mademoiselle leather handbag Chanel Black in Leather ,"$1,303.68",,"https://images.vestiairecollective.com/images/resized/w=1246,q=75,f=auto,/produit/black-leather-mademoiselle-chanel-handbag-42783407-1_1.jpg",https://www.vestiairecollective.com/women-bags/handbags/chanel/black-leather-mademoiselle-chanel-handbag-42783407.shtml,Chanel,Women,Handbags,Very good condition,2024-03-30,Black,Leather,Bags,"No scratches or tear, just a crease of the bag on the bottom right when sitting on a flat surface
Please note: wear to corners","('Vestiaire Collective United States',)",42783407,,"Width:13 in
Height:9.5 in
Depth:5 in",Mademoiselle,,
Silk scarf Herm√®s Navy in Silk ,$211,,"https://images.vestiairecollective.com/images/resized/w=1246,q=75,f=auto,/produit/navy-silk-hermes-scarf-42813496-1_2.jpg",https://www.vestiairecollective.com/women-accessories/scarves/hermes/navy-silk-hermes-scarf-42813496.shtml,Herm√®s,Women,Scarves,Good condition,2024-03-31,Navy,Silk,Accessories,"Brand : HERMES
Category : Accessories/Scarves/Scarf
Model : Petit Carre/Carre45 / -
Color : Navy, Light Blue, Multi
Material : Silk
Accessories : None
CodeStamp : -

Design : Monsieur et Madame

Size : Height* Width : 15.8"" (40.5 ...","Japan, from the seller brandear","('42813496',)",,,,,
Alma leather tote Louis Vuitton Brown in Leather ,"$1,145",$973,"https://images.vestiairecollective.com/images/resized/w=1246,q=75,f=auto,/produit/brown-leather-alma-louis-vuitton-handbag-39793572-1_2.jpg",https://www.vestiairecollective.com/women-bags/handbags/louis-vuitton/brown-leather-alma-louis-vuitton-handbag-39793572.shtml,Louis Vuitton,Women,Handbags,Very good condition,2023-12-24,Brown,Leather,Bags,"Louis Vuitton Alma Canvas Tote; Measurements: 12""L x 6""W x 9""H; Date Code: CT0133; Light stains and scuffs at corners and bottom; light scuffs at surface and handles; Light wear and stains at interior lining; Light wear and color loss at  h...","('United States, from the seller Coco',)",39793572,,,Alma,,
Speedy leather handbag Louis Vuitton Brown in Leather ,"$1,167.48","$1,037.76","https://images.vestiairecollective.com/images/resized/w=1246,q=75,f=auto,/produit/brown-leather-speedy-louis-vuitton-handbag-42804857-1_3.jpg",https://www.vestiairecollective.com/women-bags/handbags/louis-vuitton/brown-leather-speedy-louis-vuitton-handbag-42804857.shtml,Louis Vuitton,Women,Handbags,Very good condition,2024-03-31,Brown,Leather,Bags,"Very nice Speedy 30 in Monogram, very well maintained condition! No stains inside and no unpleasant smells. Minimal signs of wear on the handles and no major abrasions, see photos. Comes with dust bag, lock (without key) and original invoic...","('Austria, from the seller Karin',)",42804857,,"Width:11.8 in
Height:8.3 in
Depth:6.7 in",Speedy,,
Tote Prada Navy in Denim ,$211,,"https://images.vestiairecollective.com/images/resized/w=1246,q=75,f=auto,/produit/navy-denim-jeans-prada-handbag-42813493-1_2.jpg",https://www.vestiairecollective.com/women-bags/handbags/prada/navy-denim-jeans-prada-handbag-42813493.shtml,Prada,Women,Handbags,Fair condition,2024-03-31,Navy,Denim - Jeans,Bags,"Brand : PRADA
Category : Bags/Handbags/Totes
Model : Canapa / B1877B
Color : Navy
Material : Denim
Accessories : None

Design : Exterior pocket : 0
Interior pocket : 5

-

Size : Height : 8.58"" (22 cm)
Width : 13.65"" (35 cm)
D...","Japan, from the seller brandear","('42813493',)",,,,,
Samba faux fur trainers Adidas Brown size 38 EU in Faux fur ,$957,$543.40,"https://images.vestiairecollective.com/images/resized/w=1246,q=75,f=auto,/produit/brown-faux-fur-samba-adidas-trainers-42658187-1_2.jpg",https://www.vestiairecollective.com/women-shoes/trainers/adidas/brown-faux-fur-samba-adidas-trainers-42658187.shtml,Adidas,Women,Trainers,"Never worn, with tag",2024-03-25,Brown,Faux fur,Shoes,"Adidas Wales Bonner Samba Pony Tonal Low Trainers Sneakers Shoes
Size EU38 US6.5 
new in box with wales bonner dust bag","United States, from the seller Jan",,"('38 EU',)",,Samba,,
Wool pull Kapital Green size L International in Wool ,$251.90,,"https://images.vestiairecollective.com/images/resized/w=1246,q=75,f=auto,/produit/green-wool-kapital-knitwear-sweatshirt-42625087-1_2.jpg",https://www.vestiairecollective.com/men-clothing/knitwear-sweatshirts/kapital/green-wool-kapital-knitwear-sweatshirt-42625087.shtml,Kapital,Men,Knitwear & Sweatshirts,Very good condition,2024-03-24,Green,Wool,Clothing,"Kapital


Navajo Fringe hoodie


Wool (not itchy)


Size 3


(pit to pit 23) (length 28)


Super rare


Awesome piece


Extremely hard to find


RARE


Final sale


No refunds


Buy with confidence","('United States, from the seller Turi',)",42625087,L International,,,,
Monolith leather flats Prada Black size 38 EU in Leather ,$550,,"https://images.vestiairecollective.com/images/resized/w=1246,q=75,f=auto,/produit/black-leather-monolith-prada-flats-42712885-1_3.jpg",https://www.vestiairecollective.com/women-shoes/flats/prada/black-leather-monolith-prada-flats-42712885.shtml,Prada,Women,Flats,Very good condition,2024-03-28,Black,Leather,Shoes,"In good condition. Minor/minimal signs wear and scuffing, but recently polished and in great shape. Run slightly wide. I put an orthotic inlay in the heel area for support that is glued in (pictured)","United States, from the seller olivia",,"('38 EU',)",,Monolith,,
Yellow gold bracelet Tiffany & Co Gold in Yellow gold ,"$3,307.86",,"https://images.vestiairecollective.com/images/resized/w=1246,q=75,f=auto,/produit/gold-yellow-gold-tiffany-co-bracelet-42802893-5_4.jpg",https://www.vestiairecollective.com/women-jewellery/bracelets/tiffany-co/gold-yellow-gold-tiffany-co-bracelet-42802893.shtml,Tiffany & Co,Women,Bracelets,Very good condition,2024-03-31,Gold,Yellow gold,Jewellery,"The Tiffany T Smile bracelet collection. Diamonds elegantly trace the curve of this bracelet. Rarely worn like new. Retail price ‚Ç¨3,500 18-carat yellow gold and brilliant-cut diamonds. Size: Small Fits up to 14.6 cm wrist Total carat weight...","France, from the seller Xiaofang","('42802893',)",,Original case,,,
Mini bag Dior Beige in Cotton ,$768.90,$548.90,"https://images.vestiairecollective.com/images/resized/w=1246,q=75,f=auto,/produit/beige-cotton-dior-handbag-41743243-1_2.jpg",https://www.vestiairecollective.com/women-bags/handbags/dior/beige-cotton-dior-handbag-41743243.shtml,Dior,Women,Handbags,Very good condition,2024-02-26,Beige,Cotton,Bags,"CHRISTIAN DIOR Vintage Pouch Clutch Trotter Monogram Canvas circa 1970s
With Jadore Eau de Parfum 0.17 oz 
Very Good Vintage Condition
Estimated Retail: $1099
COA - Certificate of Authenticity included

Vintage at its best!

Material: trott...","('United States, from the seller leslie',)",41743243,,"Width:9 in
Height:6.5 in
Depth:3 in",,Vintage,
Leather trainers JORDAN White size 11 US in Leather ,$86.90,,"https://images.vestiairecollective.com/images/resized/w=1246,q=75,f=auto,/produit/white-leather-jordan-trainers-42343635-1_2.jpg",https://www.vestiairecollective.com/kids-shoes/trainers/jordan/white-leather-jordan-trainers-42343635.shtml,JORDAN,Kids,Trainers,"Never worn, with tag",2024-03-18,White,Leather,Shoes,"NIKE SZ 11C LITTLE KIDS SHOES AIR JORDAN JUMPMAN TWO TREY DQ8432-003 WHITE NEW
SCHOOL, ATHLETIC, BASKETBALL, LIFESTYLE, RETRO, UNIQUE, RARE, DISCONTINUED
Your tot is gonna ride high in these kicks, created to honor MJ's time in Chicago.
Hig...","('United States, from the seller MARIA',)",42343635,11 US,Length:6.7 in,,,
Leather mini bag Louis Vuitton Brown in Leather ,$330,,"https://images.vestiairecollective.com/images/resized/w=1246,q=75,f=auto,/produit/brown-leather-louis-vuitton-handbag-42806260-1_2.jpg",https://www.vestiairecollective.com/women-bags/handbags/louis-vuitton/brown-leather-louis-vuitton-handbag-42806260.shtml,Louis Vuitton,Women,Handbags,Very good condition,2024-03-31,Brown,Leather,Bags,"- Louis Vuitton wallet on chain. 
- Its Authentic 
- Monogram canvas comes with only dust bag. 
- Have some minor scratches as seen in pictures but in really good condition.
- I added the chain
- It‚Äôs cleaned and ready to use.
- 3 Slip Pock...","United States, from the seller Jocelyn","('42806260',)",,"Width:3.75 in
Height:5.5 in
Depth:1.5 in",,,
Diana bamboo leather handbag Gucci Black in Leather ,"$1,845","$1,661","https://images.vestiairecollective.com/images/resized/w=1246,q=75,f=auto,/produit/black-leather-diana-bamboo-gucci-handbag-41261825-1_1.jpg",https://www.vestiairecollective.com/women-bags/handbags/gucci/black-leather-diana-bamboo-gucci-handbag-41261825.shtml,Gucci,Women,Handbags,"Never worn, with tag",2024-02-22,Black,Leather,Bags,"Gucci Diana Bamboo tote in black leather. Bamboo handles. Gold-toned hardware. 2 compartments separated by a zipper. Made in Italy.
Measurements: Width 35cm, Height 28cm, Depth 13cm
Comes with dust bag, canvas tote, original box, care card,...","('Vestiaire Collective United States',)",41261825,,"Width:13.8 in
Height:11 in",Diana Bamboo,,
Amberley leather handbag Mulberry Pink in Leather ,$605,,"https://images.vestiairecollective.com/images/resized/w=1246,q=75,f=auto,/produit/pink-leather-amberley-mulberry-handbag-42730283-1_2.jpg",https://www.vestiairecollective.com/women-bags/handbags/mulberry/pink-leather-amberley-mulberry-handbag-42730283.shtml,Mulberry,Women,Handbags,Never worn,2024-03-28,Pink,Leather,Bags,"MULBERRY 

'Amberley' Small Classic Shoulder Bag in Powder Pink Leather 

MSRP $930.00 

Model: HH4966-205J999

Brand New with Dustbag 

Details: 
- Mulberry signature embossed in leaf shape 
- Front flap with Rider's Lock closure 
- Adjust...","('United States, from the seller Atlanta',)",42730283,,"Width:7.75 in
Height:7 in
Depth:3.25 in",Amberley,,
Leather wallet Dior Grey in Leather ,$389.16,,"https://images.vestiairecollective.com/images/resized/w=1246,q=75,f=auto,/produit/grey-leather-dior-wallet-42813432-1_2.jpg",https://www.vestiairecollective.com/women-accessories/wallet/dior/grey-leather-dior-wallet-42813432.shtml,Dior,Women,Wallets,Very good condition,2024-03-31,Grey,Leather,Accessories,"Elegant small wallet in gray grained leather from Dior.

Model: Initials
Material: Grained leather
Grey color
Dimensions: 11cm x 10cm
Interior Christian Dior signature
DIOR charms

Blue leather interior
Silver jewelry","France, from the seller ORMAIN","('42813432',)",,,,,
Air jordan 4 leather low trainers JORDAN Multicolour size 8.5 US in Leather ,$330,,"https://images.vestiairecollective.com/images/resized/w=1246,q=75,f=auto,/produit/multicolour-leather-air-jordan-4-jordan-trainers-42195168-1_3.jpg",https://www.vestiairecollective.com/men-shoes/trainers/jordan/multicolour-leather-air-jordan-4-jordan-trainers-42195168.shtml,JORDAN,Men,Trainers,Never worn,2024-03-12,Multicolour,Leather,Shoes,"The Air Jordan 4 Retro ‚ÄòRed Thunder‚Äô, also known as 'Crimson', was originally released in 2006.

excellent  condition worn once
size: 8.5

no box","United States, from the seller Ivett",,"('8.5 US',)",,Air Jordan 4,,
Sandals Versace Black size 44 EU in Rubber ,$328.90,$165,"https://images.vestiairecollective.com/images/resized/w=1246,q=75,f=auto,/produit/black-rubber-versace-sandals-42750461-2_4.jpg",https://www.vestiairecollective.com/men-shoes/sandals/versace/black-rubber-versace-sandals-42750461.shtml,Versace,Men,Sandals,"Never worn, with tag",2024-03-28,Black,Rubber,Shoes,"Versace 3D Medusa head and La Greca trim sandals. Brand new with full package (box, dustbag, booklet). 

Size: EU 44 (US 11)
Color: Black","('United States, from the seller Sam',)",42750461,44 EU,,,,
Ophidia leather handbag Gucci Brown in Leather ,$418,$357.50,"https://images.vestiairecollective.com/images/resized/w=1246,q=75,f=auto,/produit/brown-leather-ophidia-gucci-handbag-42510854-1_2.jpg",https://www.vestiairecollective.com/women-bags/handbags/gucci/brown-leather-ophidia-gucci-handbag-42510854.shtml,Gucci,Women,Handbags,Good condition,2024-03-21,Brown,Leather,Bags,"GUCCI HANDBAG

This is a vintage handbag made by Gucci.  It is in very nice condition.  The coated canvas is in fantastic condition and very clean.  The leather trim has some flaws here and there, but nothing extreme.  Just what you might s...","United States, from the seller jamie",,,"Width:11 in
Height:4 in
Depth:5 in",Ophidia,"('Vintage',)",
Leather lace ups Prada Black size 8 UK in Leather ,$975,,"https://images.vestiairecollective.com/images/resized/w=1246,q=75,f=auto,/produit/black-leather-prada-lace-ups-42778139-1_2.jpg",https://www.vestiairecollective.com/men-shoes/lace-ups/prada/black-leather-prada-lace-ups-42778139.shtml,Prada,Men,Lace ups,Never worn,2024-03-29,Black,Leather,Shoes,PRADA LEATHER DRIVING SHOES,"('United States, from the seller Jacquestine',)",42778139,8 UK,,,,
Musette tango leather crossbody bag Louis Vuitton Brown in Leather ,$550,,"https://images.vestiairecollective.com/images/resized/w=1246,q=75,f=auto,/produit/brown-leather-musette-tango-louis-vuitton-handbag-42783284-1_2.jpg",https://www.vestiairecollective.com/women-bags/handbags/louis-vuitton/brown-leather-musette-tango-louis-vuitton-handbag-42783284.shtml,Louis Vuitton,Women,Handbags,Very good condition,2024-03-30,Brown,Leather,Bags,"LOUIS VUITTON
mod: musette tango crossbody shoulder w/ dustbag
material: lv monogram canvas leather
dimensions: 10.5"" x 8"" x 2.5"" -- strap drop: 10"" - 14""
date code: LM0013
made in: Spain

dustbag included.  overall very good condition.  on...","('United States, from the seller Golden Bear Boutique',)",42783284,,"Width:10.5 in
Height:8 in
Depth:2.5 in",Musette Tango,,
T,$116.75,,"https://images.vestiairecollective.com/images/resized/w=1246,q=75,f=auto,/produit/pink-cotton-dolce-gabbana-top-42801615-1_3.jpg",https://www.vestiairecollective.com/women-clothing/tops/dolce-gabbana/pink-cotton-dolce-gabbana-top-42801615.shtml,Dolce & Gabbana,Women,Tops,"Never worn, with tag",2024-03-31,Pink,Cotton,Clothing,"New, never worn. DOLCE & GABBANA Pink Pig Ballerina T Shirt 
RRP: 400 euros. 
Dolce & Gabbana are known for Sicilian glamour, iconic prints and fashion for the whole family. Accented with a print dedicated to the Chinese New Year, this mult...","('Poland, from the seller Szymon',)",42801615,40 IT,,,,
Discovery cloth bag Louis Vuitton Black in Cloth ,$644,$612,"https://images.vestiairecollective.com/images/resized/w=1246,q=75,f=auto,/produit/black-cloth-discovery-louis-vuitton-bag-41680861-1_2.jpg",https://www.vestiairecollective.com/men-bags/bags/louis-vuitton/black-cloth-discovery-louis-vuitton-bag-41680861.shtml,Louis Vuitton,Men,Bags,Very good condition,2024-02-24,Black,Cloth,Bags,"Louis Vuitton Monogram Eclipse Discovery Pochette GM


Material: Canvas
Pattern: Monogram
Features: Top zip opening, fabric lining, open pocket[ [2]]
Dimensions: 13.75"" x 9.75"" x 0.75""
condition: very good. Minor scuffs and creases to leath...","('United States, from the seller Luxjour',)",41680861,,"Width:13 in
Height:9 in",Discovery,,
Shirt Dolce & Gabbana White size 3 years ,$198,,"https://images.vestiairecollective.com/images/resized/w=1246,q=75,f=auto,/produit/white-cotton-dolce-gabbana-top-40952633-1_2.jpg",https://www.vestiairecollective.com/kids-boys/tops/dolce-gabbana/white-cotton-dolce-gabbana-top-40952633.shtml,Dolce & Gabbana,Kids,Tops,Never worn,2024-02-01,White,Cotton,Boys,Brand new with tags,"('United States, from the seller Anna',)",40952633,3 years - until 39 inches UK,,,,
Re,$548.90,$383.90,"https://images.vestiairecollective.com/images/resized/w=1246,q=75,f=auto,/produit/blue-silk-re-edition-prada-handbag-41244077-1_2.jpg",https://www.vestiairecollective.com/women-bags/handbags/prada/blue-silk-re-edition-prada-handbag-41244077.shtml,Prada,Women,Handbags,Very good condition,2024-02-10,Blue,Silk,Bags,"Condition- Excellent vintage 

Beautiful bright blue, RARE vintage Prada satin handbag. Stunning collectors piece. Great to spice up an outfit or wear to a wedding. Options are endless with this beauty. 

8‚Äùh x 7.5‚Äùw x 3.5‚Äùd

Please note: A...","United States, from the seller Melanie",,,"Width:7.5 in
Height:8 in
Depth:3.5 in",Re-edition,"('Vintage',)",
Patent leather tote Chanel White in Patent leather ,$660,$321.20,"https://images.vestiairecollective.com/images/resized/w=1246,q=75,f=auto,/produit/white-patent-leather-chanel-handbag-41999154-1_3.jpg",https://www.vestiairecollective.com/women-bags/handbags/chanel/white-patent-leather-chanel-handbag-41999154.shtml,Chanel,Women,Handbags,Good condition,2024-03-05,White,Patent leather,Bags,Stunning vintage Chanel white unicorn patent leather tote bag/shoulder bag I can't find another bag this size (jumbo XL shopping bag) anywhere else This handbag has its flaws but still has a lot of life left in it! ! The white patent leathe...,"('United States, from the seller Isabella',)",41999154,,"Width:16 in
Height:10.5 in
Depth:4.5 in",,Vintage,
Mini dress Zimmermann Multicolour size 1 0,$385,$337.70,"https://images.vestiairecollective.com/images/resized/w=1246,q=75,f=auto,/produit/multicolour-cotton-zimmermann-dress-40143605-1_2.jpg",https://www.vestiairecollective.com/women-clothing/dresses/zimmermann/multicolour-cotton-zimmermann-dress-40143605.shtml,Zimmermann,Women,Dresses,Very good condition,2024-01-07,Multicolour,Cotton,Clothing,"Zimmermann Violet Twist Dress Mustard Floral Multi
Sweetheart neckline pulled in at center front
Long ruched sleeves with zipper cuffs
Waist laid flat approx 14.5 inches
Sleeve length armpit seam to cuff approx 17.5 inches
Length shoulder t...","('United States, from the seller Sara',)",40143605,1 0-5,,,,
Baguette handbag Fendi White in Cotton ,$583,,"https://images.vestiairecollective.com/images/resized/w=1246,q=75,f=auto,/produit/white-cotton-baguette-fendi-handbag-42413048-1_2.jpg",https://www.vestiairecollective.com/women-bags/handbags/fendi/white-cotton-baguette-fendi-handbag-42413048.shtml,Fendi,Women,Handbags,Very good condition,2024-03-18,White,Cotton,Bags,"Fendi Zucca Canvas Vintage Mamma Forever Baguette White, Dustbag

-Item Number: 11-02974T

- In very good condition with light signs of wear throughout.

- Condition: Light/minor spots on exterior canvas, light darkening under handles, some...","United States, from the seller BGFY",,,"Width:11.75 in
Height:8.5 in
Depth:5 in",Baguette,"('Vintage',)",
Jacket The North Face White size 14 years ,$137.50,,"https://images.vestiairecollective.com/images/resized/w=1246,q=75,f=auto,/produit/white-synthetic-the-north-face-jacket-coat-41653017-1_2.jpg",https://www.vestiairecollective.com/kids-girls/jackets-coats/the-north-face/white-synthetic-the-north-face-jacket-coat-41653017.shtml,The North Face,Kids,Jackets & Coats,Very good condition,2024-02-23,White,Synthetic,Girls,"THE NORTH FACE Big Girls Reversible Mossbud Swirl Jacket  Size Large (13/14)
This swirl parka jacket has embroidered logo on left chest and back-right shoulder. Exposed, Vislon center front zip with chin zip guard.
Color: Gardenia White/ Me...","('United States, from the seller Aubree',)",41653017,14 years - S UK,,,,
Cloth trainers Nike Grey size 6 US in Cloth ,$66,,"https://images.vestiairecollective.com/images/resized/w=1246,q=75,f=auto,/produit/grey-cloth-nike-trainers-41872112-1_2.jpg",https://www.vestiairecollective.com/kids-shoes/trainers/nike/grey-cloth-nike-trainers-41872112.shtml,Nike,Kids,Trainers,Never worn,2024-03-01,Grey,Cloth,Shoes,"New Sz 6Y Women 7.5 Kids Shoes Nike Wear all day (GS) Trainers Gray CJ3816-201
Running, school, everyday, comfy, sport, athletic, comfy, running, walking, lifestyle, light wear, outdoor. travel
Authentic
Brand Nike
Color Medium Ash/Siren Re...","('United States, from the seller MARIA',)",41872112,6 US,Length:9.6 in,,,
Pants Gucci Green size 1 mois ,$82.50,,"https://images.vestiairecollective.com/images/resized/w=1246,q=75,f=auto,/produit/green-cotton-gucci-trousers-42354417-1_2.jpg",https://www.vestiairecollective.com/kids-boys/trousers/gucci/green-cotton-gucci-trousers-42354417.shtml,Gucci,Kids,Trousers,"Never worn, with tag",2024-03-16,Green,Cotton,Boys,"With their ""dusty green forest "" hue, Gucci's gorgeous corduroy trousers make a smart addition to any boy's wardrobe, perfect for back-to-school wardrobes. Team with one of the label's logo shirts for the complete look. 

Product Features

...","('United States, from the seller Emma',)",42354417,1 mois - jusqu'√† 55cm FR,,,,
Air jordan 1 cloth lace up boots JORDAN White size 7 UK in Cloth ,$379.48,,"https://images.vestiairecollective.com/images/resized/w=1246,q=75,f=auto,/produit/white-cloth-air-jordan-1-jordan-lace-up-boots-42310291-1_2.jpg",https://www.vestiairecollective.com/kids-shoes/lace-up-boots/jordan/white-cloth-air-jordan-1-jordan-lace-up-boots-42310291.shtml,JORDAN,Kids,Lace up boots,Fair condition,2024-03-14,White,Cloth,Shoes,"Jordan 1 Zoom CMFT 2 Muslin / Camel - Pruple
Elevating comfort with maximal style, the Jordan 1 Zoom CMFT 2 ‚ÄúCelestial Gold‚Äù arrives with its multi-textural appeal. Crafted with a premium suede upper, breathable mesh overlays are also inclu...","United States, from the seller manuel",,"('7 UK',)",,Air Jordan 1,,
Leather handbag Louis Vuitton White in Leather ,$407,,"https://images.vestiairecollective.com/images/resized/w=1246,q=75,f=auto,/produit/white-leather-louis-vuitton-handbag-42813428-1_2.jpg",https://www.vestiairecollective.com/women-bags/handbags/louis-vuitton/white-leather-louis-vuitton-handbag-42813428.shtml,Louis Vuitton,Women,Handbags,Good condition,2024-03-31,White,Leather,Bags,"EPI MADELEINE GM SHOULDER BAG M5934J IVORY WHITE LEATHER LOUIS VUITTON


Brand: Louis Vuitton
Model number: M5934J
Control number: 1-0141946
Subject: Ladies
Color: Ivory White
Serial: Unclearly
Material: Leather
Accessories: without accesso...","Japan, from the seller Timeless Vintage","('42813428',)",,"Width:13 in
Height:10.6 in
Depth:4.3 in",,,
Sicily leather handbag Dolce & Gabbana Multicolour in Leather ,$527,,"https://images.vestiairecollective.com/images/resized/w=1246,q=75,f=auto,/produit/multicolour-leather-sicily-dolce-gabbana-handbag-42452478-1_1.jpg",https://www.vestiairecollective.com/women-bags/handbags/dolce-gabbana/multicolour-leather-sicily-dolce-gabbana-handbag-42452478.shtml,Dolce & Gabbana,Women,Handbags,Very good condition,2024-03-27,Multicolour,Leather,Bags,"Dolce & Gabbana Sicily bag in orange and brown leather. Gold-toned hardware. Woven leather. Animal print lining. Magnetic closure. Made in Italy.
Measurements: Width 25cm, Height 20cm, Depth 8cm
Comes with dust bag and shoulder strap.

Plea...","('Vestiaire Collective United States',)",42452478,,"Width:9.8 in
Height:7.9 in",Sicily,,
Swimwear Versace Multicolour size XXL International in Polyester ,$170,$153,"https://images.vestiairecollective.com/images/resized/w=1246,q=75,f=auto,/produit/multicolour-polyester-versace-swimwear-42704908-1_2.jpg",https://www.vestiairecollective.com/men-clothing/swimwear/versace/multicolour-polyester-versace-swimwear-42704908.shtml,Versace,Men,Swimwear,"Never worn, with tag",2024-03-27,Multicolour,Polyester,Clothing,"This is authentic Versace Men's Multi-Color Brief Swim Bottom Versace Sz 7 US 2XL IT 56


Material: 78% Polyester 22% Spandex


SQU: BB-7430


Model: ABU01025 A232185 IT 2K280","('United States, from the seller Alex',)",,XXL International,,,,Private sale
Mid,$195,$185.25,"https://images.vestiairecollective.com/images/resized/w=1246,q=75,f=auto,/produit/black-synthetic-comme-des-garcons-skirt-41989315-1_1.jpg",https://www.vestiairecollective.com/women-clothing/skirts/comme-des-garcons/black-synthetic-comme-des-garcons-skirt-41989315.shtml,Comme Des Garcons,Women,Skirts,Very good condition,2024-03-06,Black,Synthetic,Clothing,"Comme Des Garcons black acetate skirt. Oversized bow to the front. Zipper closure in the rear. Unfinished hem to bow. Made in Japan. 
Size XS. Measurements: Waist 13.25in Length 31in
Composition: 86% Acetate 8% Polyester 6% Nylon

Please no...","('Vestiaire Collective United States',)",41989315,XS International,,,,
Jacket Craig Green Black size L International in Cotton ,$495,$440,"https://images.vestiairecollective.com/images/resized/w=1246,q=75,f=auto,/produit/black-cotton-craig-green-jacket-40712623-1_2.jpg",https://www.vestiairecollective.com/men-clothing/jackets/craig-green/black-cotton-craig-green-jacket-40712623.shtml,Craig Green,Men,Jackets,Very good condition,2024-01-25,Black,Cotton,Clothing,"Craig Green Oversized Cotton Laced Work Shirt Jacket

Size Large

Front button closure
Button cuffs
Chest flap-pockets
100% Cotton Made in Italy","('United States, from the seller Freddy',)",40712623,L International,,,,
Boston leather bowling bag Gucci Beige in Leather ,$715,$632.50,"https://images.vestiairecollective.com/images/resized/w=1246,q=75,f=auto,/produit/beige-leather-boston-gucci-handbag-42536475-1_2.jpg",https://www.vestiairecollective.com/women-bags/handbags/gucci/beige-leather-boston-gucci-handbag-42536475.shtml,Gucci,Women,Handbags,Very good condition,2024-03-24,Beige,Leather,Bags,"Gucci Accessory Collection Cream GG Supreme Monogram Boston Joy Bowler Bag

This Vintage bag has been under great care all these years. The Condition is near Flawless!! The only sign of wear is inside, one side of the bag has a small  porti...","United States, from the seller KingLouiie",,,"Width:11 in
Height:6.3 in
Depth:4.7 in",Boston,"('Vintage',)",
Gg marmont leather crossbody bag Gucci Red in Leather ,"$1,072.50",$990,"https://images.vestiairecollective.com/images/resized/w=1246,q=75,f=auto,/produit/red-leather-gg-marmont-gucci-handbag-41057296-1_2.jpg",https://www.vestiairecollective.com/women-bags/handbags/gucci/red-leather-gg-marmont-gucci-handbag-41057296.shtml,Gucci,Women,Handbags,Very good condition,2024-02-04,Red,Leather,Bags,"Hibiscus Red GG Marmont Small Shoulder Bag

Antique gold hardware

Excellent condition 

Dust bag included","('United States, from the seller Jill',)",41057296,,"Width:9.5 in
Height:5 in
Depth:3 in",GG Marmont,,
Chanel 19 leather card wallet Chanel Black in Leather ,$770,$756.80,"https://images.vestiairecollective.com/images/resized/w=1246,q=75,f=auto,/produit/black-leather-chanel-19-chanel-purse-40635909-1_3.jpg",https://www.vestiairecollective.com/women-accessories/purses-wallets-cases/chanel/black-leather-chanel-19-chanel-purse-40635909.shtml,Chanel,Women,"Purses, wallets & cases","Never worn, with tag",2024-01-23,Black,Leather,Accessories,"19 card holder, silver hardware","('United States, from the seller S',)",40635909,,"Width:4 in
Height:3 in",Chanel 19,,
Cassette leather handbag Bottega Veneta Green in Leather ,$748,,"https://images.vestiairecollective.com/images/resized/w=1246,q=75,f=auto,/produit/green-leather-cassette-bottega-veneta-handbag-42758009-1_2.jpg",https://www.vestiairecollective.com/women-bags/handbags/bottega-veneta/green-leather-cassette-bottega-veneta-handbag-42758009.shtml,Bottega Veneta,Women,Handbags,Never worn,2024-03-29,Green,Leather,Bags,"Bottega Veneta cassette belt bag in noen green 
Like new 
Care booklet and dustbag included","('United States, from the seller Mideystyle',)",42758009,,"Width:7 in
Height:4 in
Depth:2 in",Cassette,,
Low trainers Bottega Veneta Beige size 44 EU in Rubber ,$275,,"https://images.vestiairecollective.com/images/resized/w=1246,q=75,f=auto,/produit/beige-rubber-bottega-veneta-trainers-42692201-1_2.jpg",https://www.vestiairecollective.com/men-shoes/trainers/bottega-veneta/beige-rubber-bottega-veneta-trainers-42692201.shtml,Bottega Veneta,Men,Trainers,Never worn,2024-03-28,Beige,Rubber,Shoes,Brand New BOTTEGA VENETA Climber Sneaker Tech Knit Rubber String White,"('United States, from the seller Mojisola',)",42692201,44 EU,,,,
Timeless/classique leather crossbody bag Chanel Gold in Leather ,"$3,294.50",,"https://images.vestiairecollective.com/images/resized/w=1246,q=75,f=auto,/produit/gold-leather-timeless-classique-chanel-handbag-42757723-1_2.jpg",https://www.vestiairecollective.com/women-bags/handbags/chanel/gold-leather-timeless-classique-chanel-handbag-42757723.shtml,Chanel,Women,Handbags,Good condition,2024-03-30,Gold,Leather,Bags,"Condition: This authentic bag is in very good vintage condition. There is light wear to corners. Marks and scuffing to interior. Light scratching on hardware.


No accessories included (dust bag, box, etc.)


Features: Gold-tone chain strap...","United States, from the seller emily",,,"Width:6.7 in
Height:5.25 in",Timeless/Classique,"('Vintage',)",
Cc earrings Chanel Gold in Gold plated ,$467.50,$465.30,"https://images.vestiairecollective.com/images/resized/w=1246,q=75,f=auto,/produit/gold-gold-plated-cc-chanel-earrings-41709457-1_3.jpg",https://www.vestiairecollective.com/women-jewellery/earrings/chanel/gold-gold-plated-cc-chanel-earrings-41709457.shtml,Chanel,Women,Earrings,Very good condition,2024-02-26,Gold,Gold plated,Jewellery,24K gold plated Chanel vintage clip on earrings,"United States, from the seller Alisa",,,,CC,"('Vintage',)",
Cloth biker boots Chanel Grey size 37 EU in Cloth ,$715,,"https://images.vestiairecollective.com/images/resized/w=1246,q=75,f=auto,/produit/grey-cloth-chanel-boots-42758285-1_2.jpg",https://www.vestiairecollective.com/women-shoes/boots/chanel/grey-cloth-chanel-boots-42758285.shtml,Chanel,Women,Boots,"Never worn, with tag",2024-03-30,Grey,Cloth,Shoes,"Authentic Chanel light grey wool fabric boots lace up with box 

Chanel Wool Ankle Lace-Up Boots
‚Ä¢   From the 2019 Collection 
‚Ä¢   Grey
‚Ä¢   Interlocking CC Logo
‚Ä¢   Round-Toes
‚Ä¢   Lace-Up Closure at Uppers
‚Ä¢   Includes Box and dust bag 
Hee...","('United States, from the seller olga',)",42758285,37 EU,,,,
