Name,onine_since,Image,categories,Category,Sub-category,Designer,Condition,Material,Color,Size,Location,Reference,Price,price_with_discount,Link
Shirt Prada Blue size 17.5 UK ,2024-03-31,"https://images.vestiairecollective.com/images/resized/w=1246,q=75,f=auto,/produit/blue-cotton-prada-shirt-42804505-1_3.jpg",Men,Clothing,Shirts,Prada,Very good condition,Cotton,Blue,17.5 UK - US (tour de cou / collar),"Poland, from the seller Hleb",42804505,$115.50,,https://www.vestiairecollective.com/men-clothing/shirts/prada/blue-cotton-prada-shirt-42804505.shtml
Mombasa leather crossbody bag Yves Saint Laurent Black in Leather ,2024-03-27,"https://images.vestiairecollective.com/images/resized/w=1246,q=75,f=auto,/produit/black-leather-mombasa-yves-saint-laurent-handbag-42710635-1_2.jpg",Women,Bags,Handbags,Yves Saint Laurent,Mombasa,Very good condition,Leather,Black,Vintage,"United States, from the seller Stefany Bags",$299,$279,https://www.vestiairecollective.com/women-bags/handbags/yves-saint-laurent/black-leather-mombasa-yves-saint-laurent-handbag-42710635.shtml
Chocolate leather flats Prada Silver size 36 EU in Leather ,2024-03-26,"https://images.vestiairecollective.com/images/resized/w=1246,q=75,f=auto,/produit/silver-leather-chocolate-prada-flats-42684907-1_2.jpg",Women,Shoes,Flats,Prada,chocolate,"Never worn, with tag",Leather,Silver,36 EU,"United States, from the seller Lux",$990,$935,https://www.vestiairecollective.com/women-shoes/flats/prada/silver-leather-chocolate-prada-flats-42684907.shtml
Sunglasses Louis Vuitton Multicolour in Plastic ,2024-03-29,"https://images.vestiairecollective.com/images/resized/w=1246,q=75,f=auto,/produit/multicolour-plastic-louis-vuitton-sunglasses-42751020-1_4.jpg",Men,Accessories,Sunglasses,Louis Vuitton,"Never worn, with tag",Plastic,Multicolour,"United States, from the seller Kanara",42751020,,$495,,https://www.vestiairecollective.com/men-accessories/sunglasses/louis-vuitton/multicolour-plastic-louis-vuitton-sunglasses-42751020.shtml
Pocket leather tote Burberry Black in Leather ,2023-10-23,"https://images.vestiairecollective.com/images/resized/w=1246,q=75,f=auto,/produit/black-leather-pocket-burberry-handbag-37762299-1_1.jpg",Women,Bags,Handbags,Burberry,Pocket,Very good condition,Leather,Black,Vestiaire Collective United States,37762299,$840,,https://www.vestiairecollective.com/women-bags/handbags/burberry/black-leather-pocket-burberry-handbag-37762299.shtml
Leather high trainers Gucci Multicolour size 9 UK in Leather ,2024-02-15,"https://images.vestiairecollective.com/images/resized/w=1246,q=75,f=auto,/produit/multicolour-leather-gucci-trainers-41399796-1_2.jpg",Men,Shoes,Trainers,Gucci,Never worn,Leather,Multicolour,9 UK,"United States, from the seller veronica",41399796,$385,$330,https://www.vestiairecollective.com/men-shoes/trainers/gucci/multicolour-leather-gucci-trainers-41399796.shtml
Super king leather trainers Dolce & Gabbana Other size 39 EU in Leather ,2024-03-31,"https://images.vestiairecollective.com/images/resized/w=1246,q=75,f=auto,/produit/other-leather-super-king-dolce-gabbana-trainers-42806227-1_3.jpg",Women,Shoes,Trainers,Dolce & Gabbana,Super King,Good condition,Leather,Other,39 EU,"Austria, from the seller Ajla",$356.73,,https://www.vestiairecollective.com/women-shoes/trainers/dolce-gabbana/other-leather-super-king-dolce-gabbana-trainers-42806227.shtml
Cloth handbag Dior Black in Cloth ,2024-03-13,"https://images.vestiairecollective.com/images/resized/w=1246,q=75,f=auto,/produit/black-cloth-dior-handbag-42284219-1_2.jpg",Women,Bags,Handbags,Dior,Fair condition,Cloth,Black,Vintage,"United States, from the seller Daniel",42284219,$154,,https://www.vestiairecollective.com/women-bags/handbags/dior/black-cloth-dior-handbag-42284219.shtml
Medium shopping bag vegan leather handbag Telfar Brown in Vegan leather ,2023-12-07,"https://images.vestiairecollective.com/images/resized/w=1246,q=75,f=auto,/produit/brown-vegan-leather-medium-shopping-bag-telfar-handbag-39288690-1_4.jpg",Women,Bags,Handbags,Telfar,Medium Shopping Bag,"Never worn, with tag",Vegan leather,Brown,"United States, from the seller Mary",39288690,$537.90,$471.90,https://www.vestiairecollective.com/women-bags/handbags/telfar/brown-vegan-leather-medium-shopping-bag-telfar-handbag-39288690.shtml
Leather sandals Rick Owens Black size 10 US in Leather ,2024-03-04,"https://images.vestiairecollective.com/images/resized/w=1246,q=75,f=auto,/produit/black-leather-rick-owens-sandals-41988970-1_1.jpg",Men,Shoes,Sandals,Rick Owens,Very good condition,Leather,Black,10 US,Vestiaire Collective United States,41988970,$246.47,,https://www.vestiairecollective.com/men-shoes/sandals/rick-owens/black-leather-rick-owens-sandals-41988970.shtml
Boots Gucci Blue size 12 US in Rubber ,2023-11-23,"https://images.vestiairecollective.com/images/resized/w=1246,q=75,f=auto,/produit/blue-rubber-gucci-boots-38901914-1_2.jpg",Kids,Shoes,Boots,Gucci,Never worn,Rubber,Blue,12 US,"United States, from the seller Hotter Cooler",38901914,$136.40,,https://www.vestiairecollective.com/kids-shoes/boots/gucci/blue-rubber-gucci-boots-38901914.shtml
Grenoble jacket Moncler Black size 4 0,2024-03-30,"https://images.vestiairecollective.com/images/resized/w=1246,q=75,f=auto,/produit/black-polyester-grenoble-moncler-jacket-42806825-1.jpg",Women,Clothing,Jackets,Moncler,Grenoble,"Never worn, with tag",Polyester,Black,4 0-5,"United States, from the seller christine",$552.14,,https://www.vestiairecollective.com/women-clothing/jackets/moncler/black-polyester-grenoble-moncler-jacket-42806825.shtml
Jacket Gucci Red size 2 years ,2024-01-09,"https://images.vestiairecollective.com/images/resized/w=1246,q=75,f=auto,/produit/red-cotton-gucci-jacket-coat-40217418-1_4.jpg",Kids,Boys,Jackets & Coats,Gucci,"Never worn, with tag",Cotton,Red,2 years - until 34 inches UK,"United States, from the seller Ben",Private sale,$324.50,$284.90,https://www.vestiairecollective.com/kids-boys/jackets-coats/gucci/red-cotton-gucci-jacket-coat-40217418.shtml
Velvet flats Yves Saint Laurent Green size 8 US in Velvet ,2024-03-23,"https://images.vestiairecollective.com/images/resized/w=1246,q=75,f=auto,/produit/green-velvet-yves-saint-laurent-flats-42585728-1_2.jpg",Women,Shoes,Flats,Yves Saint Laurent,Very good condition,Velvet,Green,8 US,Vintage,"United States, from the seller Provenance",$97,,https://www.vestiairecollective.com/women-shoes/flats/yves-saint-laurent/green-velvet-yves-saint-laurent-flats-42585728.shtml
Cloth wallet Louis Vuitton Brown in Cloth ,2024-03-22,"https://images.vestiairecollective.com/images/resized/w=1246,q=75,f=auto,/produit/brown-cloth-louis-vuitton-wallet-42563068-1_2.jpg",Women,Accessories,Wallets,Louis Vuitton,Very good condition,Cloth,Brown,Vintage,"United States, from the seller Stephanie",42563068,$192.50,$148.50,https://www.vestiairecollective.com/women-accessories/wallet/louis-vuitton/brown-cloth-louis-vuitton-wallet-42563068.shtml
Leather handbag Burberry Black in Leather ,2024-03-31,"https://images.vestiairecollective.com/images/resized/w=1246,q=75,f=auto,/produit/black-leather-burberry-handbag-42813621-1_2.jpg",Women,Bags,Handbags,Burberry,"Never worn, with tag",Leather,Black,"United States, from the seller Chelsea",42813621,,$605,,https://www.vestiairecollective.com/women-bags/handbags/burberry/black-leather-burberry-handbag-42813621.shtml
Mademoiselle leather handbag Chanel Black in Leather ,2024-03-30,"https://images.vestiairecollective.com/images/resized/w=1246,q=75,f=auto,/produit/black-leather-mademoiselle-chanel-handbag-42783407-1_1.jpg",Women,Bags,Handbags,Chanel,Mademoiselle,Very good condition,Leather,Black,Vestiaire Collective United States,42783407,"$1,303.68",,https://www.vestiairecollective.com/women-bags/handbags/chanel/black-leather-mademoiselle-chanel-handbag-42783407.shtml
Silk scarf Hermès Navy in Silk ,2024-03-31,"https://images.vestiairecollective.com/images/resized/w=1246,q=75,f=auto,/produit/navy-silk-hermes-scarf-42813496-1_2.jpg",Women,Accessories,Scarves,Hermès,Good condition,Silk,Navy,"Japan, from the seller brandear",42813496,,$211,,https://www.vestiairecollective.com/women-accessories/scarves/hermes/navy-silk-hermes-scarf-42813496.shtml
Alma leather tote Louis Vuitton Brown in Leather ,2023-12-24,"https://images.vestiairecollective.com/images/resized/w=1246,q=75,f=auto,/produit/brown-leather-alma-louis-vuitton-handbag-39793572-1_2.jpg",Women,Bags,Handbags,Louis Vuitton,Alma,Very good condition,Leather,Brown,"United States, from the seller Coco",39793572,"$1,145",$973,https://www.vestiairecollective.com/women-bags/handbags/louis-vuitton/brown-leather-alma-louis-vuitton-handbag-39793572.shtml
Speedy leather handbag Louis Vuitton Brown in Leather ,2024-03-31,"https://images.vestiairecollective.com/images/resized/w=1246,q=75,f=auto,/produit/brown-leather-speedy-louis-vuitton-handbag-42804857-1_3.jpg",Women,Bags,Handbags,Louis Vuitton,Speedy,Very good condition,Leather,Brown,"Austria, from the seller Karin",42804857,"$1,167.48","$1,037.76",https://www.vestiairecollective.com/women-bags/handbags/louis-vuitton/brown-leather-speedy-louis-vuitton-handbag-42804857.shtml
Tote Prada Navy in Denim ,2024-03-31,"https://images.vestiairecollective.com/images/resized/w=1246,q=75,f=auto,/produit/navy-denim-jeans-prada-handbag-42813493-1_2.jpg",Women,Bags,Handbags,Prada,Fair condition,Denim - Jeans,Navy,"Japan, from the seller brandear",42813493,,$211,,https://www.vestiairecollective.com/women-bags/handbags/prada/navy-denim-jeans-prada-handbag-42813493.shtml
Samba faux fur trainers Adidas Brown size 38 EU in Faux fur ,2024-03-25,"https://images.vestiairecollective.com/images/resized/w=1246,q=75,f=auto,/produit/brown-faux-fur-samba-adidas-trainers-42658187-1_2.jpg",Women,Shoes,Trainers,Adidas,Samba,"Never worn, with tag",Faux fur,Brown,38 EU,"United States, from the seller Jan",$957,$543.40,https://www.vestiairecollective.com/women-shoes/trainers/adidas/brown-faux-fur-samba-adidas-trainers-42658187.shtml
Wool pull Kapital Green size L International in Wool ,2024-03-24,"https://images.vestiairecollective.com/images/resized/w=1246,q=75,f=auto,/produit/green-wool-kapital-knitwear-sweatshirt-42625087-1_2.jpg",Men,Clothing,Knitwear & Sweatshirts,Kapital,Very good condition,Wool,Green,L International,"United States, from the seller Turi",42625087,$251.90,,https://www.vestiairecollective.com/men-clothing/knitwear-sweatshirts/kapital/green-wool-kapital-knitwear-sweatshirt-42625087.shtml
Monolith leather flats Prada Black size 38 EU in Leather ,2024-03-28,"https://images.vestiairecollective.com/images/resized/w=1246,q=75,f=auto,/produit/black-leather-monolith-prada-flats-42712885-1_3.jpg",Women,Shoes,Flats,Prada,Monolith,Very good condition,Leather,Black,38 EU,"United States, from the seller olivia",$550,,https://www.vestiairecollective.com/women-shoes/flats/prada/black-leather-monolith-prada-flats-42712885.shtml
Yellow gold bracelet Tiffany & Co Gold in Yellow gold ,2024-03-31,"https://images.vestiairecollective.com/images/resized/w=1246,q=75,f=auto,/produit/gold-yellow-gold-tiffany-co-bracelet-42802893-5_4.jpg",Women,Jewellery,Bracelets,Tiffany & Co,Very good condition,Yellow gold,Gold,"France, from the seller Xiaofang",42802893,,"$3,307.86",,https://www.vestiairecollective.com/women-jewellery/bracelets/tiffany-co/gold-yellow-gold-tiffany-co-bracelet-42802893.shtml
Mini bag Dior Beige in Cotton ,2024-02-26,"https://images.vestiairecollective.com/images/resized/w=1246,q=75,f=auto,/produit/beige-cotton-dior-handbag-41743243-1_2.jpg",Women,Bags,Handbags,Dior,Very good condition,Cotton,Beige,Vintage,"United States, from the seller leslie",41743243,$768.90,$548.90,https://www.vestiairecollective.com/women-bags/handbags/dior/beige-cotton-dior-handbag-41743243.shtml
Leather trainers JORDAN White size 11 US in Leather ,2024-03-18,"https://images.vestiairecollective.com/images/resized/w=1246,q=75,f=auto,/produit/white-leather-jordan-trainers-42343635-1_2.jpg",Kids,Shoes,Trainers,JORDAN,"Never worn, with tag",Leather,White,11 US,"United States, from the seller MARIA",42343635,$86.90,,https://www.vestiairecollective.com/kids-shoes/trainers/jordan/white-leather-jordan-trainers-42343635.shtml
Leather mini bag Louis Vuitton Brown in Leather ,2024-03-31,"https://images.vestiairecollective.com/images/resized/w=1246,q=75,f=auto,/produit/brown-leather-louis-vuitton-handbag-42806260-1_2.jpg",Women,Bags,Handbags,Louis Vuitton,Very good condition,Leather,Brown,"United States, from the seller Jocelyn",42806260,,$330,,https://www.vestiairecollective.com/women-bags/handbags/louis-vuitton/brown-leather-louis-vuitton-handbag-42806260.shtml
Diana bamboo leather handbag Gucci Black in Leather ,2024-02-22,"https://images.vestiairecollective.com/images/resized/w=1246,q=75,f=auto,/produit/black-leather-diana-bamboo-gucci-handbag-41261825-1_1.jpg",Women,Bags,Handbags,Gucci,Diana Bamboo,"Never worn, with tag",Leather,Black,Vestiaire Collective United States,41261825,"$1,845","$1,661",https://www.vestiairecollective.com/women-bags/handbags/gucci/black-leather-diana-bamboo-gucci-handbag-41261825.shtml
Amberley leather handbag Mulberry Pink in Leather ,2024-03-28,"https://images.vestiairecollective.com/images/resized/w=1246,q=75,f=auto,/produit/pink-leather-amberley-mulberry-handbag-42730283-1_2.jpg",Women,Bags,Handbags,Mulberry,Amberley,Never worn,Leather,Pink,"United States, from the seller Atlanta",42730283,$605,,https://www.vestiairecollective.com/women-bags/handbags/mulberry/pink-leather-amberley-mulberry-handbag-42730283.shtml
Leather wallet Dior Grey in Leather ,2024-03-31,"https://images.vestiairecollective.com/images/resized/w=1246,q=75,f=auto,/produit/grey-leather-dior-wallet-42813432-1_2.jpg",Women,Accessories,Wallets,Dior,Very good condition,Leather,Grey,"France, from the seller ORMAIN",42813432,,$389.16,,https://www.vestiairecollective.com/women-accessories/wallet/dior/grey-leather-dior-wallet-42813432.shtml
Air jordan 4 leather low trainers JORDAN Multicolour size 8.5 US in Leather ,2024-03-12,"https://images.vestiairecollective.com/images/resized/w=1246,q=75,f=auto,/produit/multicolour-leather-air-jordan-4-jordan-trainers-42195168-1_3.jpg",Men,Shoes,Trainers,JORDAN,Air Jordan 4,Never worn,Leather,Multicolour,8.5 US,"United States, from the seller Ivett",$330,,https://www.vestiairecollective.com/men-shoes/trainers/jordan/multicolour-leather-air-jordan-4-jordan-trainers-42195168.shtml
Sandals Versace Black size 44 EU in Rubber ,2024-03-28,"https://images.vestiairecollective.com/images/resized/w=1246,q=75,f=auto,/produit/black-rubber-versace-sandals-42750461-2_4.jpg",Men,Shoes,Sandals,Versace,"Never worn, with tag",Rubber,Black,44 EU,"United States, from the seller Sam",42750461,$328.90,$165,https://www.vestiairecollective.com/men-shoes/sandals/versace/black-rubber-versace-sandals-42750461.shtml
Ophidia leather handbag Gucci Brown in Leather ,2024-03-21,"https://images.vestiairecollective.com/images/resized/w=1246,q=75,f=auto,/produit/brown-leather-ophidia-gucci-handbag-42510854-1_2.jpg",Women,Bags,Handbags,Gucci,Ophidia,Good condition,Leather,Brown,Vintage,"United States, from the seller jamie",$418,$357.50,https://www.vestiairecollective.com/women-bags/handbags/gucci/brown-leather-ophidia-gucci-handbag-42510854.shtml
Leather lace ups Prada Black size 8 UK in Leather ,2024-03-29,"https://images.vestiairecollective.com/images/resized/w=1246,q=75,f=auto,/produit/black-leather-prada-lace-ups-42778139-1_2.jpg",Men,Shoes,Lace ups,Prada,Never worn,Leather,Black,8 UK,"United States, from the seller Jacquestine",42778139,$975,,https://www.vestiairecollective.com/men-shoes/lace-ups/prada/black-leather-prada-lace-ups-42778139.shtml
Musette tango leather crossbody bag Louis Vuitton Brown in Leather ,2024-03-30,"https://images.vestiairecollective.com/images/resized/w=1246,q=75,f=auto,/produit/brown-leather-musette-tango-louis-vuitton-handbag-42783284-1_2.jpg",Women,Bags,Handbags,Louis Vuitton,Musette Tango,Very good condition,Leather,Brown,"United States, from the seller Golden Bear Boutique",42783284,$550,,https://www.vestiairecollective.com/women-bags/handbags/louis-vuitton/brown-leather-musette-tango-louis-vuitton-handbag-42783284.shtml
T,2024-03-31,"https://images.vestiairecollective.com/images/resized/w=1246,q=75,f=auto,/produit/pink-cotton-dolce-gabbana-top-42801615-1_3.jpg",Women,Clothing,Tops,Dolce & Gabbana,"Never worn, with tag",Cotton,Pink,40 IT,"Poland, from the seller Szymon",42801615,$116.75,,https://www.vestiairecollective.com/women-clothing/tops/dolce-gabbana/pink-cotton-dolce-gabbana-top-42801615.shtml
Discovery cloth bag Louis Vuitton Black in Cloth ,2024-02-24,"https://images.vestiairecollective.com/images/resized/w=1246,q=75,f=auto,/produit/black-cloth-discovery-louis-vuitton-bag-41680861-1_2.jpg",Men,Bags,Bags,Louis Vuitton,Discovery,Very good condition,Cloth,Black,"United States, from the seller Luxjour",41680861,$644,$612,https://www.vestiairecollective.com/men-bags/bags/louis-vuitton/black-cloth-discovery-louis-vuitton-bag-41680861.shtml
Shirt Dolce & Gabbana White size 3 years ,2024-02-01,"https://images.vestiairecollective.com/images/resized/w=1246,q=75,f=auto,/produit/white-cotton-dolce-gabbana-top-40952633-1_2.jpg",Kids,Boys,Tops,Dolce & Gabbana,Never worn,Cotton,White,3 years - until 39 inches UK,"United States, from the seller Anna",40952633,$198,,https://www.vestiairecollective.com/kids-boys/tops/dolce-gabbana/white-cotton-dolce-gabbana-top-40952633.shtml
Re,2024-02-10,"https://images.vestiairecollective.com/images/resized/w=1246,q=75,f=auto,/produit/blue-silk-re-edition-prada-handbag-41244077-1_2.jpg",Women,Bags,Handbags,Prada,Re-edition,Very good condition,Silk,Blue,Vintage,"United States, from the seller Melanie",$548.90,$383.90,https://www.vestiairecollective.com/women-bags/handbags/prada/blue-silk-re-edition-prada-handbag-41244077.shtml
Patent leather tote Chanel White in Patent leather ,2024-03-05,"https://images.vestiairecollective.com/images/resized/w=1246,q=75,f=auto,/produit/white-patent-leather-chanel-handbag-41999154-1_3.jpg",Women,Bags,Handbags,Chanel,Good condition,Patent leather,White,Vintage,"United States, from the seller Isabella",41999154,$660,$321.20,https://www.vestiairecollective.com/women-bags/handbags/chanel/white-patent-leather-chanel-handbag-41999154.shtml
Mini dress Zimmermann Multicolour size 1 0,2024-01-07,"https://images.vestiairecollective.com/images/resized/w=1246,q=75,f=auto,/produit/multicolour-cotton-zimmermann-dress-40143605-1_2.jpg",Women,Clothing,Dresses,Zimmermann,Very good condition,Cotton,Multicolour,1 0-5,"United States, from the seller Sara",40143605,$385,$337.70,https://www.vestiairecollective.com/women-clothing/dresses/zimmermann/multicolour-cotton-zimmermann-dress-40143605.shtml
Baguette handbag Fendi White in Cotton ,2024-03-18,"https://images.vestiairecollective.com/images/resized/w=1246,q=75,f=auto,/produit/white-cotton-baguette-fendi-handbag-42413048-1_2.jpg",Women,Bags,Handbags,Fendi,Baguette,Very good condition,Cotton,White,Vintage,"United States, from the seller BGFY",$583,,https://www.vestiairecollective.com/women-bags/handbags/fendi/white-cotton-baguette-fendi-handbag-42413048.shtml
Jacket The North Face White size 14 years ,2024-02-23,"https://images.vestiairecollective.com/images/resized/w=1246,q=75,f=auto,/produit/white-synthetic-the-north-face-jacket-coat-41653017-1_2.jpg",Kids,Girls,Jackets & Coats,The North Face,Very good condition,Synthetic,White,14 years - S UK,"United States, from the seller Aubree",41653017,$137.50,,https://www.vestiairecollective.com/kids-girls/jackets-coats/the-north-face/white-synthetic-the-north-face-jacket-coat-41653017.shtml
Cloth trainers Nike Grey size 6 US in Cloth ,2024-03-01,"https://images.vestiairecollective.com/images/resized/w=1246,q=75,f=auto,/produit/grey-cloth-nike-trainers-41872112-1_2.jpg",Kids,Shoes,Trainers,Nike,Never worn,Cloth,Grey,6 US,"United States, from the seller MARIA",41872112,$66,,https://www.vestiairecollective.com/kids-shoes/trainers/nike/grey-cloth-nike-trainers-41872112.shtml
Pants Gucci Green size 1 mois ,2024-03-16,"https://images.vestiairecollective.com/images/resized/w=1246,q=75,f=auto,/produit/green-cotton-gucci-trousers-42354417-1_2.jpg",Kids,Boys,Trousers,Gucci,"Never worn, with tag",Cotton,Green,1 mois - jusqu'à 55cm FR,"United States, from the seller Emma",42354417,$82.50,,https://www.vestiairecollective.com/kids-boys/trousers/gucci/green-cotton-gucci-trousers-42354417.shtml
Air jordan 1 cloth lace up boots JORDAN White size 7 UK in Cloth ,2024-03-14,"https://images.vestiairecollective.com/images/resized/w=1246,q=75,f=auto,/produit/white-cloth-air-jordan-1-jordan-lace-up-boots-42310291-1_2.jpg",Kids,Shoes,Lace up boots,JORDAN,Air Jordan 1,Fair condition,Cloth,White,7 UK,"United States, from the seller manuel",$379.48,,https://www.vestiairecollective.com/kids-shoes/lace-up-boots/jordan/white-cloth-air-jordan-1-jordan-lace-up-boots-42310291.shtml
Leather handbag Louis Vuitton White in Leather ,2024-03-31,"https://images.vestiairecollective.com/images/resized/w=1246,q=75,f=auto,/produit/white-leather-louis-vuitton-handbag-42813428-1_2.jpg",Women,Bags,Handbags,Louis Vuitton,Good condition,Leather,White,"Japan, from the seller Timeless Vintage",42813428,,$407,,https://www.vestiairecollective.com/women-bags/handbags/louis-vuitton/white-leather-louis-vuitton-handbag-42813428.shtml
Sicily leather handbag Dolce & Gabbana Multicolour in Leather ,2024-03-27,"https://images.vestiairecollective.com/images/resized/w=1246,q=75,f=auto,/produit/multicolour-leather-sicily-dolce-gabbana-handbag-42452478-1_1.jpg",Women,Bags,Handbags,Dolce & Gabbana,Sicily,Very good condition,Leather,Multicolour,Vestiaire Collective United States,42452478,$527,,https://www.vestiairecollective.com/women-bags/handbags/dolce-gabbana/multicolour-leather-sicily-dolce-gabbana-handbag-42452478.shtml
Swimwear Versace Multicolour size XXL International in Polyester ,2024-03-27,"https://images.vestiairecollective.com/images/resized/w=1246,q=75,f=auto,/produit/multicolour-polyester-versace-swimwear-42704908-1_2.jpg",Men,Clothing,Swimwear,Versace,"Never worn, with tag",Polyester,Multicolour,XXL International,"United States, from the seller Alex",Private sale,$170,$153,https://www.vestiairecollective.com/men-clothing/swimwear/versace/multicolour-polyester-versace-swimwear-42704908.shtml
Mid,2024-03-06,"https://images.vestiairecollective.com/images/resized/w=1246,q=75,f=auto,/produit/black-synthetic-comme-des-garcons-skirt-41989315-1_1.jpg",Women,Clothing,Skirts,Comme Des Garcons,Very good condition,Synthetic,Black,XS International,Vestiaire Collective United States,41989315,$195,$185.25,https://www.vestiairecollective.com/women-clothing/skirts/comme-des-garcons/black-synthetic-comme-des-garcons-skirt-41989315.shtml
Jacket Craig Green Black size L International in Cotton ,2024-01-25,"https://images.vestiairecollective.com/images/resized/w=1246,q=75,f=auto,/produit/black-cotton-craig-green-jacket-40712623-1_2.jpg",Men,Clothing,Jackets,Craig Green,Very good condition,Cotton,Black,L International,"United States, from the seller Freddy",40712623,$495,$440,https://www.vestiairecollective.com/men-clothing/jackets/craig-green/black-cotton-craig-green-jacket-40712623.shtml
Boston leather bowling bag Gucci Beige in Leather ,2024-03-24,"https://images.vestiairecollective.com/images/resized/w=1246,q=75,f=auto,/produit/beige-leather-boston-gucci-handbag-42536475-1_2.jpg",Women,Bags,Handbags,Gucci,Boston,Very good condition,Leather,Beige,Vintage,"United States, from the seller KingLouiie",$715,$632.50,https://www.vestiairecollective.com/women-bags/handbags/gucci/beige-leather-boston-gucci-handbag-42536475.shtml
Gg marmont leather crossbody bag Gucci Red in Leather ,2024-02-04,"https://images.vestiairecollective.com/images/resized/w=1246,q=75,f=auto,/produit/red-leather-gg-marmont-gucci-handbag-41057296-1_2.jpg",Women,Bags,Handbags,Gucci,GG Marmont,Very good condition,Leather,Red,"United States, from the seller Jill",41057296,"$1,072.50",$990,https://www.vestiairecollective.com/women-bags/handbags/gucci/red-leather-gg-marmont-gucci-handbag-41057296.shtml
Chanel 19 leather card wallet Chanel Black in Leather ,2024-01-23,"https://images.vestiairecollective.com/images/resized/w=1246,q=75,f=auto,/produit/black-leather-chanel-19-chanel-purse-40635909-1_3.jpg",Women,Accessories,"Purses, wallets & cases",Chanel,Chanel 19,"Never worn, with tag",Leather,Black,"United States, from the seller S",40635909,$770,$756.80,https://www.vestiairecollective.com/women-accessories/purses-wallets-cases/chanel/black-leather-chanel-19-chanel-purse-40635909.shtml
Cassette leather handbag Bottega Veneta Green in Leather ,2024-03-29,"https://images.vestiairecollective.com/images/resized/w=1246,q=75,f=auto,/produit/green-leather-cassette-bottega-veneta-handbag-42758009-1_2.jpg",Women,Bags,Handbags,Bottega Veneta,Cassette,Never worn,Leather,Green,"United States, from the seller Mideystyle",42758009,$748,,https://www.vestiairecollective.com/women-bags/handbags/bottega-veneta/green-leather-cassette-bottega-veneta-handbag-42758009.shtml
Low trainers Bottega Veneta Beige size 44 EU in Rubber ,2024-03-28,"https://images.vestiairecollective.com/images/resized/w=1246,q=75,f=auto,/produit/beige-rubber-bottega-veneta-trainers-42692201-1_2.jpg",Men,Shoes,Trainers,Bottega Veneta,Never worn,Rubber,Beige,44 EU,"United States, from the seller Mojisola",42692201,$275,,https://www.vestiairecollective.com/men-shoes/trainers/bottega-veneta/beige-rubber-bottega-veneta-trainers-42692201.shtml
Timeless/classique leather crossbody bag Chanel Gold in Leather ,2024-03-30,"https://images.vestiairecollective.com/images/resized/w=1246,q=75,f=auto,/produit/gold-leather-timeless-classique-chanel-handbag-42757723-1_2.jpg",Women,Bags,Handbags,Chanel,Timeless/Classique,Good condition,Leather,Gold,Vintage,"United States, from the seller emily","$3,294.50",,https://www.vestiairecollective.com/women-bags/handbags/chanel/gold-leather-timeless-classique-chanel-handbag-42757723.shtml
Cc earrings Chanel Gold in Gold plated ,2024-02-26,"https://images.vestiairecollective.com/images/resized/w=1246,q=75,f=auto,/produit/gold-gold-plated-cc-chanel-earrings-41709457-1_3.jpg",Women,Jewellery,Earrings,Chanel,CC,Very good condition,Gold plated,Gold,Vintage,"United States, from the seller Alisa",$467.50,$465.30,https://www.vestiairecollective.com/women-jewellery/earrings/chanel/gold-gold-plated-cc-chanel-earrings-41709457.shtml
Cloth biker boots Chanel Grey size 37 EU in Cloth ,2024-03-30,"https://images.vestiairecollective.com/images/resized/w=1246,q=75,f=auto,/produit/grey-cloth-chanel-boots-42758285-1_2.jpg",Women,Shoes,Boots,Chanel,"Never worn, with tag",Cloth,Grey,37 EU,"United States, from the seller olga",42758285,$715,,https://www.vestiairecollective.com/women-shoes/boots/chanel/grey-cloth-chanel-boots-42758285.shtml
Mid,2024-03-28,"https://images.vestiairecollective.com/images/resized/w=1246,q=75,f=auto,/produit/multicolour-polyester-la-double-j-dress-42495843-1_1.jpg",Women,Clothing,Dresses,La Double J,Very good condition,Polyester,Multicolour,M International,Vestiaire Collective United States,42495843,$330,,https://www.vestiairecollective.com/women-clothing/dresses/la-double-j/multicolour-polyester-la-double-j-dress-42495843.shtml
Skirt Burberry Black size 8 years ,2024-02-15,"https://images.vestiairecollective.com/images/resized/w=1246,q=75,f=auto,/produit/black-cotton-burberry-skirt-41417042-1_2.jpg",Kids,Girls,Skirts,Burberry,Never worn,Cotton,Black,8 years - until 50 inches UK,Vintage,"United States, from the seller David",$163.90,,https://www.vestiairecollective.com/kids-girls/skirts/burberry/black-cotton-burberry-skirt-41417042.shtml
Air force 1 leather trainers Nike White size 6.5 US in Leather ,2023-11-13,"https://images.vestiairecollective.com/images/resized/w=1246,q=75,f=auto,/produit/white-leather-air-force-1-nike-trainers-38579184-1_2.jpg",Kids,Shoes,Trainers,Nike,Air Force 1,Never worn,Leather,White,6.5 US,"United States, from the seller melmel",$132,$95.70,https://www.vestiairecollective.com/kids-shoes/trainers/nike/white-leather-air-force-1-nike-trainers-38579184.shtml
Sunglasses Prada Black in Plastic ,2024-02-02,"https://images.vestiairecollective.com/images/resized/w=1246,q=75,f=auto,/produit/black-plastic-prada-sunglasses-41004903-1_4.jpg",Men,Accessories,Sunglasses,Prada,"Never worn, with tag",Plastic,Black,"United States, from the seller Elins",41004903,,$264,,https://www.vestiairecollective.com/men-accessories/sunglasses/prada/black-plastic-prada-sunglasses-41004903.shtml
Patent leather ballet flats Gucci White size 12 US in Patent leather ,2024-02-22,"https://images.vestiairecollective.com/images/resized/w=1246,q=75,f=auto,/produit/white-patent-leather-gucci-ballet-flats-41644728-1_2.jpg",Kids,Shoes,Ballet flats,Gucci,Good condition,Patent leather,White,12 US,"United States, from the seller Hotter Cooler",41644728,$132,,https://www.vestiairecollective.com/kids-shoes/ballet-flats/gucci/white-patent-leather-gucci-ballet-flats-41644728.shtml
Tote Prada Other in Polyester ,2024-03-31,"https://images.vestiairecollective.com/images/resized/w=1246,q=75,f=auto,/produit/other-polyester-prada-handbag-42802011-1_3.jpg",Women,Bags,Handbags,Prada,Very good condition,Polyester,Other,"Denmark, from the seller Valdemar",42802011,,$265.95,,https://www.vestiairecollective.com/women-bags/handbags/prada/other-polyester-prada-handbag-42802011.shtml
Saddle leather wallet Dior Brown in Leather ,2024-03-31,"https://images.vestiairecollective.com/images/resized/w=1246,q=75,f=auto,/produit/brown-leather-saddle-dior-wallet-42812854-1_2.jpg",Women,Accessories,Wallets,Dior,Saddle,Good condition,Leather,Brown,"United States, from the seller Mary Joy",42812854,$198,,https://www.vestiairecollective.com/women-accessories/wallet/dior/brown-leather-saddle-dior-wallet-42812854.shtml
Diana bamboo leather tote Gucci Grey in Leather ,2024-02-26,"https://images.vestiairecollective.com/images/resized/w=1246,q=75,f=auto,/produit/grey-leather-diana-bamboo-gucci-handbag-41749071-1_2.jpg",Women,Bags,Handbags,Gucci,Diana Bamboo,Very good condition,Leather,Grey,Vintage,"United States, from the seller BGFY",$489.50,,https://www.vestiairecollective.com/women-bags/handbags/gucci/grey-leather-diana-bamboo-gucci-handbag-41749071.shtml
Seamaster watch Omega Gold in Gold plated ,2024-03-29,"https://images.vestiairecollective.com/images/resized/w=1246,q=75,f=auto,/produit/gold-gold-plated-seamaster-omega-watch-42774270-1_2.jpg",Women,Accessories,Watches,Omega,Seamaster,Very good condition,Gold plated,Steel,Manual winding,Gold,$368.50,,https://www.vestiairecollective.com/women-accessories/watches/omega/gold-gold-plated-seamaster-omega-watch-42774270.shtml
Leather crossbody bag Yves Saint Laurent Brown in Leather ,2024-03-06,"https://images.vestiairecollective.com/images/resized/w=1246,q=75,f=auto,/produit/brown-leather-rive-gauche-yves-saint-laurent-handbag-42055182-1_1.jpg",Women,Bags,Handbags,Yves Saint Laurent,Rive Gauche,Good condition,Leather,Brown,Vintage,Vestiaire Collective United States,$360,,https://www.vestiairecollective.com/women-bags/handbags/yves-saint-laurent/brown-leather-rive-gauche-yves-saint-laurent-handbag-42055182.shtml
Cloth hat Gucci Black size L International in Cloth ,2024-03-02,"https://images.vestiairecollective.com/images/resized/w=1246,q=75,f=auto,/produit/black-cloth-gucci-hat-41838110-1_4.jpg",Men,Accessories,Hats & pull on hats,Gucci,Never worn,Cloth,Black,L International,"United States, from the seller faith",41838110,$306.90,$214.50,https://www.vestiairecollective.com/men-accessories/hats-pull-on-hats/gucci/black-cloth-gucci-hat-41838110.shtml
Cloth hat Gucci X Adidas Green size 58 cm in Cloth ,2024-03-29,"https://images.vestiairecollective.com/images/resized/w=1246,q=75,f=auto,/produit/green-cloth-gucci-x-adidas-hat-42755265-1_2.jpg",Men,Accessories,Hats & pull on hats,Gucci X Adidas,"Never worn, with tag",Cloth,Green,58 cm,"United States, from the seller Lux",42755265,$544.50,,https://www.vestiairecollective.com/men-accessories/hats-pull-on-hats/gucci-x-adidas/green-cloth-gucci-x-adidas-hat-42755265.shtml
Yellow gold pendant Tiffany & Co Gold in Yellow gold ,2024-03-31,"https://images.vestiairecollective.com/images/resized/w=1246,q=75,f=auto,/produit/gold-yellow-gold-tiffany-co-pendant-42806476-1_3.jpg",Women,Jewellery,Pendants,Tiffany & Co,Never worn,Yellow gold,Gold,"Spain, from the seller Gala",42806476,,"$5,448.24","$5,059.08",https://www.vestiairecollective.com/women-jewellery/pendants/tiffany-co/gold-yellow-gold-tiffany-co-pendant-42806476.shtml
Leather crossbody bag Gucci Brown in Leather ,2024-03-02,"https://images.vestiairecollective.com/images/resized/w=1246,q=75,f=auto,/produit/brown-leather-gucci-handbag-41924557-1_2.jpg",Women,Bags,Handbags,Gucci,Very good condition,Leather,Brown,Vintage,"United States, from the seller Golden Bear Boutique",41924557,$400,$340,https://www.vestiairecollective.com/women-bags/handbags/gucci/brown-leather-gucci-handbag-41924557.shtml
Leather leggings The Row Red size M International in Leather ,2024-01-25,"https://images.vestiairecollective.com/images/resized/w=1246,q=75,f=auto,/produit/red-leather-the-row-trousers-40737099-1_2.jpg",Women,Clothing,Trousers,The Row,Very good condition,Leather,Red,M International,"United States, from the seller pilar",40737099,$253,$169.40,https://www.vestiairecollective.com/women-clothing/trousers/the-row/red-leather-the-row-trousers-40737099.shtml
Earrings Chanel Gold in Gold plated ,2024-03-26,"https://images.vestiairecollective.com/images/resized/w=1246,q=75,f=auto,/produit/gold-gold-plated-chanel-earrings-42661723-1_3.jpg",Women,Jewellery,Earrings,Chanel,Very good condition,Gold plated,Gold,Vintage,"United States, from the seller wade",42661723,$988.90,,https://www.vestiairecollective.com/women-jewellery/earrings/chanel/gold-gold-plated-chanel-earrings-42661723.shtml
Tote Ganni Black in Synthetic ,2024-01-08,"https://images.vestiairecollective.com/images/resized/w=1246,q=75,f=auto,/produit/black-synthetic-ganni-handbag-40178269-1_2.jpg",Women,Bags,Handbags,Ganni,"Never worn, with tag",Synthetic,Black,"United States, from the seller Kimberly",40178269,,$106.70,,https://www.vestiairecollective.com/women-bags/handbags/ganni/black-synthetic-ganni-handbag-40178269.shtml
Marco leather small bag Louis Vuitton Brown in Leather ,2024-03-07,"https://images.vestiairecollective.com/images/resized/w=1246,q=75,f=auto,/produit/brown-leather-marco-louis-vuitton-small-bag-42070053-1_2.jpg",Men,Bags,"Small bags, wallets & cases",Louis Vuitton,Marco,Very good condition,Leather,Brown,"United States, from the seller Golden Bear Boutique",42070053,$225,$210,https://www.vestiairecollective.com/men-bags/small-bags-wallets-cases/louis-vuitton/brown-leather-marco-louis-vuitton-small-bag-42070053.shtml
T,2024-03-22,"https://images.vestiairecollective.com/images/resized/w=1246,q=75,f=auto,/produit/green-cotton-play-comme-des-garcons-top-42556694-1_2.jpg",Kids,Boys,Tops,Play Comme des Garçons,Good condition,Cotton,Green,16 years - M UK,"United States, from the seller Eyen",42556694,$55,,https://www.vestiairecollective.com/kids-boys/tops/play-comme-des-garcons/green-cotton-play-comme-des-garcons-top-42556694.shtml
Handbag Louis Vuitton Multicolour in Plastic ,2024-03-28,"https://images.vestiairecollective.com/images/resized/w=1246,q=75,f=auto,/produit/multicolour-plastic-louis-vuitton-handbag-42493897-445358249_6.jpg",Women,Bags,Handbags,Louis Vuitton,Very good condition,Plastic,Multicolour,Vestiaire Collective United States,42493897,,"$1,725",,https://www.vestiairecollective.com/women-bags/handbags/louis-vuitton/multicolour-plastic-louis-vuitton-handbag-42493897.shtml
Pouch leather handbag Bottega Veneta Brown in Leather ,2024-03-31,"https://images.vestiairecollective.com/images/resized/w=1246,q=75,f=auto,/produit/brown-leather-pouch-bottega-veneta-handbag-42813439-1_2.jpg",Women,Bags,Handbags,Bottega Veneta,Pouch,Very good condition,Leather,Brown,"Australia, from the seller Yvette",42813439,"$1,876.60",,https://www.vestiairecollective.com/women-bags/handbags/bottega-veneta/brown-leather-pouch-bottega-veneta-handbag-42813439.shtml
Chypre leather sandal Hermès Green size 38 EU in Leather ,2024-02-02,"https://images.vestiairecollective.com/images/resized/w=1246,q=75,f=auto,/produit/green-leather-chypre-hermes-sandals-40983158-1.jpg",Women,Shoes,Sandals,Hermès,Chypre,"Never worn, with tag",Leather,Green,38 EU,"United States, from the seller brandi","$1,100",$880,https://www.vestiairecollective.com/women-shoes/sandals/hermes/green-leather-chypre-hermes-sandals-40983158.shtml
Pants Burberry Red size 16 years ,2024-03-02,"https://images.vestiairecollective.com/images/resized/w=1246,q=75,f=auto,/produit/red-cotton-burberry-trousers-41904276-1_4.jpg",Kids,Girls,Trousers,Burberry,"Never worn, with tag",Cotton,Red,16 years - M UK,"United States, from the seller Sadie",41904276,$209,$169.40,https://www.vestiairecollective.com/kids-girls/trousers/burberry/red-cotton-burberry-trousers-41904276.shtml
2.55 leather mini bag Chanel Red in Leather ,2024-03-25,"https://images.vestiairecollective.com/images/resized/w=1246,q=75,f=auto,/produit/red-leather-255-chanel-handbag-42573537-1_3.jpg",Women,Bags,Handbags,Chanel,2.55,Very good condition,Leather,Red,"United States, from the seller Jennifer",42573537,$605,,https://www.vestiairecollective.com/women-bags/handbags/chanel/red-leather-255-chanel-handbag-42573537.shtml
Belt Gucci Grey size 100 cm in Suede ,2023-12-28,"https://images.vestiairecollective.com/images/resized/w=1246,q=75,f=auto,/produit/grey-suede-gucci-belt-39891671-1_2.jpg",Men,Accessories,Belts,Gucci,Never worn,Suede,Grey,100 cm,"United States, from the seller Hotter Cooler",39891671,$145.20,,https://www.vestiairecollective.com/men-accessories/belts/gucci/grey-suede-gucci-belt-39891671.shtml
Esplanade leather tote Prada Black in Leather ,2024-03-31,"https://images.vestiairecollective.com/images/resized/w=1246,q=75,f=auto,/produit/black-leather-esplanade-prada-handbag-42806374-1_2.jpg",Women,Bags,Handbags,Prada,Esplanade,Never worn,Leather,Black,"Romania, from the seller jennifer",42806374,"$4,280.76",,https://www.vestiairecollective.com/women-bags/handbags/prada/black-leather-esplanade-prada-handbag-42806374.shtml
Dionysus cloth handbag Gucci Beige in Cloth ,2024-03-31,"https://images.vestiairecollective.com/images/resized/w=1246,q=75,f=auto,/produit/beige-cloth-dionysus-gucci-handbag-42762433-1_3.jpg",Women,Bags,Handbags,Gucci,Dionysus,Very good condition,Cloth,Beige,"Denmark, from the seller mischa",42762433,"$2,869.91",,https://www.vestiairecollective.com/women-bags/handbags/gucci/beige-cloth-dionysus-gucci-handbag-42762433.shtml
T,2024-02-23,"https://images.vestiairecollective.com/images/resized/w=1246,q=75,f=auto,/produit/blue-cotton-moschino-top-41654702-1_2.jpg",Kids,Girls,Tops,Moschino,Very good condition,Cotton,Blue,6 months - until 26.5 inches UK,"United States, from the seller Miranda",41654702,$93.50,,https://www.vestiairecollective.com/kids-girls/tops/moschino/blue-cotton-moschino-top-41654702.shtml
Cloth handbag Kate Spade Pink in Cloth ,2024-03-31,"https://images.vestiairecollective.com/images/resized/w=1246,q=75,f=auto,/produit/pink-cloth-kate-spade-handbag-42813777-1_2.jpg",Women,Bags,Handbags,Kate Spade,Very good condition,Cloth,Pink,"Japan, from the seller brandear",42813777,,$85,,https://www.vestiairecollective.com/women-bags/handbags/kate-spade/pink-cloth-kate-spade-handbag-42813777.shtml
Leather lace ups Gucci Black size 12 UK in Leather ,2024-03-23,"https://images.vestiairecollective.com/images/resized/w=1246,q=75,f=auto,/produit/black-leather-gucci-lace-ups-42572583-1_3.jpg",Men,Shoes,Lace ups,Gucci,Very good condition,Leather,Black,12 UK,"United States, from the seller Fra",42572583,$165,$137.50,https://www.vestiairecollective.com/men-shoes/lace-ups/gucci/black-leather-gucci-lace-ups-42572583.shtml
Jumper Isabel Marant Etoile Multicolour size 38 FR in Cotton ,2024-03-31,"https://images.vestiairecollective.com/images/resized/w=1246,q=75,f=auto,/produit/multicolour-cotton-isabel-marant-etoile-knitwear-42812639-1_2.jpg",Women,Clothing,Knitwear,Isabel Marant Etoile,Never worn,Cotton,Multicolour,38 FR,"Italy, from the seller Elenoire",42812639,$194.58,,https://www.vestiairecollective.com/women-clothing/knitwear/isabel-marant-etoile/multicolour-cotton-isabel-marant-etoile-knitwear-42812639.shtml
City leather handbag Balenciaga Grey in Leather ,2024-03-27,"https://images.vestiairecollective.com/images/resized/w=1246,q=75,f=auto,/produit/grey-leather-city-balenciaga-handbag-42545648-1_4.jpg",Women,Bags,Handbags,Balenciaga,City,Never worn,Leather,Grey,"United States, from the seller alexandra",42545648,$957,,https://www.vestiairecollective.com/women-bags/handbags/balenciaga/grey-leather-city-balenciaga-handbag-42545648.shtml
Jacket Polo Ralph Lauren Blue size 3 years ,2023-09-18,"https://images.vestiairecollective.com/images/resized/w=1246,q=75,f=auto,/produit/blue-polyester-polo-ralph-lauren-jacket-coat-36753724-1_2.jpg",Kids,Boys,Jackets & Coats,Polo Ralph Lauren,Very good condition,Polyester,Blue,3 years - until 39 inches UK,"United States, from the seller jude",36753724,$47.30,$33,https://www.vestiairecollective.com/kids-boys/jackets-coats/polo-ralph-lauren/blue-polyester-polo-ralph-lauren-jacket-coat-36753724.shtml
Coat WE11DONE Multicolour size M International in Polyester ,2024-03-28,"https://images.vestiairecollective.com/images/resized/w=1246,q=75,f=auto,/produit/multicolour-polyester-we11done-coat-42723336-1_1.jpg",Men,Clothing,Coats,WE11DONE,Never worn,Polyester,Multicolour,M International,Vestiaire Collective United States,42723336,$121.72,,https://www.vestiairecollective.com/men-clothing/coats/we11done/multicolour-polyester-we11done-coat-42723336.shtml
Blouse Rosie Assoulin White size 2 US in Cotton ,2024-03-18,"https://images.vestiairecollective.com/images/resized/w=1246,q=75,f=auto,/produit/white-cotton-rosie-assoulin-top-42408417-4_4.jpg",Women,Clothing,Tops,Rosie Assoulin,Never worn,Cotton,White,2 US,"United States, from the seller dani",42408417,$99,$89.10,https://www.vestiairecollective.com/women-clothing/tops/rosie-assoulin/white-cotton-rosie-assoulin-top-42408417.shtml
Alphabet pendant Celine Gold in Gold plated ,2024-03-23,"https://images.vestiairecollective.com/images/resized/w=1246,q=75,f=auto,/produit/gold-gold-plated-alphabet-celine-pendant-42594080-1_2.jpg",Women,Jewellery,Pendants,Celine,Alphabet,Good condition,Gold plated,Gold,Vintage,"United States, from the seller Sofia",$742.50,,https://www.vestiairecollective.com/women-jewellery/pendants/celine/gold-gold-plated-alphabet-celine-pendant-42594080.shtml
Wool knitwear & sweatshirt Polo Ralph Lauren Beige size XL International in Wool ,2024-03-24,"https://images.vestiairecollective.com/images/resized/w=1246,q=75,f=auto,/produit/beige-wool-polo-ralph-lauren-knitwear-sweatshirt-42626464-1_2.jpg",Men,Clothing,Knitwear & Sweatshirts,Polo Ralph Lauren,Very good condition,Wool,Beige,XL International,"United States, from the seller Keeley",42626464,$46.20,$40.70,https://www.vestiairecollective.com/men-clothing/knitwear-sweatshirts/polo-ralph-lauren/beige-wool-polo-ralph-lauren-knitwear-sweatshirt-42626464.shtml
Mid,2024-03-28,"https://images.vestiairecollective.com/images/resized/w=1246,q=75,f=auto,/produit/blue-cotton-ulla-johnson-dress-42729089-1_2.jpg",Women,Clothing,Dresses,Ulla Johnson,Very good condition,Cotton,Blue,8 US,"United States, from the seller Emma",42729089,$139,,https://www.vestiairecollective.com/women-clothing/dresses/ulla-johnson/blue-cotton-ulla-johnson-dress-42729089.shtml
Book tote cloth tote Dior Multicolour in Cloth ,2024-03-12,"https://images.vestiairecollective.com/images/resized/w=1246,q=75,f=auto,/produit/multicolour-cloth-book-tote-dior-handbag-42054249-1_1.jpg",Women,Bags,Handbags,Dior,Book Tote,Very good condition,Cloth,Multicolour,Vestiaire Collective United States,42054249,"$2,118",,https://www.vestiairecollective.com/women-bags/handbags/dior/multicolour-cloth-book-tote-dior-handbag-42054249.shtml
Dress Gucci White size 12 years ,2024-01-27,"https://images.vestiairecollective.com/images/resized/w=1246,q=75,f=auto,/produit/white-cotton-gucci-dress-40783452-1_4.jpg",Kids,Girls,Dresses,Gucci,Never worn,Cotton,White,12 years - XS UK,"United States, from the seller April",40783452,$165,,https://www.vestiairecollective.com/kids-girls/dresses/gucci/white-cotton-gucci-dress-40783452.shtml
Large pants Alexa Chung Gold size 14,2024-03-30,"https://images.vestiairecollective.com/images/resized/w=1246,q=75,f=auto,/produit/gold-viscose-alexa-chung-trousers-42785693-3.jpg",Women,Clothing,Trousers,Alexa Chung,Very good condition,Viscose,Gold,14-16 US,"United States, from the seller Joanne",42785693,$64.98,,https://www.vestiairecollective.com/women-clothing/trousers/alexa-chung/gold-viscose-alexa-chung-trousers-42785693.shtml
Track vegan leather high trainers Balenciaga Multicolour size 43 EU in Vegan leather ,2024-02-29,"https://images.vestiairecollective.com/images/resized/w=1246,q=75,f=auto,/produit/multicolour-vegan-leather-track-balenciaga-trainers-41842527-1_2.jpg",Men,Shoes,Trainers,Balenciaga,Track,"Never worn, with tag",Vegan leather,Multicolour,43 EU,"United States, from the seller claudia",$423.50,$342.10,https://www.vestiairecollective.com/men-shoes/trainers/balenciaga/multicolour-vegan-leather-track-balenciaga-trainers-41842527.shtml
Cloth handbag Gucci Brown in Cloth ,2024-03-22,"https://images.vestiairecollective.com/images/resized/w=1246,q=75,f=auto,/produit/brown-cloth-gucci-handbag-42544024-1_2.jpg",Women,Bags,Handbags,Gucci,Very good condition,Cloth,Brown,Vintage,"United States, from the seller Emeka",42544024,$412.50,,https://www.vestiairecollective.com/women-bags/handbags/gucci/brown-cloth-gucci-handbag-42544024.shtml
Leather belt Gucci Black size 85 cm in Leather ,2024-03-31,"https://images.vestiairecollective.com/images/resized/w=1246,q=75,f=auto,/produit/black-leather-gucci-belt-42813377-1_2.jpg",Women,Accessories,Belts,Gucci,Never worn,Leather,Black,85 cm,"United States, from the seller Jennifer",42813377,$520,,https://www.vestiairecollective.com/women-accessories/belts/gucci/black-leather-gucci-belt-42813377.shtml
Air force 1 trainers Nike Beige size 3.5 UK in Suede ,2024-02-29,"https://images.vestiairecollective.com/images/resized/w=1246,q=75,f=auto,/produit/beige-suede-air-force-1-nike-trainers-41838515-2_4.jpg",Kids,Shoes,Trainers,Nike,Air Force 1,Never worn,Suede,Beige,3.5 UK,"United States, from the seller MARIA",$108.90,,https://www.vestiairecollective.com/kids-shoes/trainers/nike/beige-suede-air-force-1-nike-trainers-41838515.shtml
Blazer leather trainers Nike White size 9 US in Leather ,2024-03-31,"https://images.vestiairecollective.com/images/resized/w=1246,q=75,f=auto,/produit/white-leather-blazer-nike-trainers-42805922-1_2.jpg",Men,Shoes,Trainers,Nike,Blazer,"Never worn, with tag",Leather,White,9 US,"United States, from the seller M",$104.50,,https://www.vestiairecollective.com/men-shoes/trainers/nike/white-leather-blazer-nike-trainers-42805922.shtml
Shorts Deiji studios Ecru size L International in Cotton ,2024-03-29,"https://images.vestiairecollective.com/images/resized/w=1246,q=75,f=auto,/produit/ecru-cotton-deiji-studios-shorts-42758592-1_2.jpg",Women,Clothing,Shorts,Deiji studios,"Never worn, with tag",Cotton,Ecru,L International,"United States, from the seller ashley",42758592,$77,,https://www.vestiairecollective.com/women-clothing/shorts/deiji-studios/ecru-cotton-deiji-studios-shorts-42758592.shtml
Leather wallet Boyy Grey in Leather ,2024-01-19,"https://images.vestiairecollective.com/images/resized/w=1246,q=75,f=auto,/produit/grey-leather-boyy-wallet-40543962-1_2.jpg",Women,Accessories,Wallets,Boyy,Never worn,Leather,Grey,"United States, from the seller Estelle",40543962,,$165,$144.10,https://www.vestiairecollective.com/women-accessories/wallet/boyy/grey-leather-boyy-wallet-40543962.shtml
Cloth belts/suspenders Gucci Brown in Cloth ,2024-02-07,"https://images.vestiairecollective.com/images/resized/w=1246,q=75,f=auto,/produit/brown-cloth-gucci-beltssuspenders-41142081-1_2.jpg",Kids,Accessories,Belts.Suspenders,Gucci,Very good condition,Cloth,Brown,"United States, from the seller Provenance",41142081,,$297,,https://www.vestiairecollective.com/kids-accessories/belts-suspenders/gucci/brown-cloth-gucci-beltssuspenders-41142081.shtml
Leather flats Donald Duck Disney x Gucci Multicolour size 8 US in Leather ,2024-03-29,"https://images.vestiairecollective.com/images/resized/w=1246,q=75,f=auto,/produit/multicolour-leather-donald-duck-disney-x-gucci-flats-42759596-1_2.jpg",Women,Shoes,Flats,Donald Duck Disney x Gucci,Good condition,Leather,Multicolour,8 US,"United States, from the seller Afiya",42759596,$225.50,$202.40,https://www.vestiairecollective.com/women-shoes/flats/donald-duck-disney-x-gucci/multicolour-leather-donald-duck-disney-x-gucci-flats-42759596.shtml
Watch Gucci Gold in Gold plated ,2024-03-14,"https://images.vestiairecollective.com/images/resized/w=1246,q=75,f=auto,/produit/gold-gold-plated-gucci-watch-42307989-1_2.jpg",Women,Accessories,Watches,Gucci,Very good condition,Gold plated,Gold plated,Manual winding,Gold,Vintage,$440,$396,https://www.vestiairecollective.com/women-accessories/watches/gucci/gold-gold-plated-gucci-watch-42307989.shtml
Chain around leather crossbody bag Chanel Gold in Leather ,2024-03-25,"https://images.vestiairecollective.com/images/resized/w=1246,q=75,f=auto,/produit/gold-leather-chain-around-chanel-handbag-42566458-1_2.jpg",Women,Bags,Handbags,Chanel,Chain Around,Good condition,Leather,Gold,Vintage,"United States, from the seller Camila","$2,475","$2,117.50",https://www.vestiairecollective.com/women-bags/handbags/chanel/gold-leather-chain-around-chanel-handbag-42566458.shtml
Straight pants Celine Black size 36 FR in Viscose ,2024-03-30,"https://images.vestiairecollective.com/images/resized/w=1246,q=75,f=auto,/produit/black-viscose-celine-trousers-42794234-1_2.jpg",Women,Clothing,Trousers,Celine,"Never worn, with tag",Viscose,Black,36 FR,"United States, from the seller Anne",42794234,$990,,https://www.vestiairecollective.com/women-clothing/trousers/celine/black-viscose-celine-trousers-42794234.shtml
Cc necklace Chanel Gold in Gold plated ,2024-03-30,"https://images.vestiairecollective.com/images/resized/w=1246,q=75,f=auto,/produit/gold-gold-plated-cc-chanel-necklace-42750015-1_2.jpg",Women,Jewellery,Necklaces,Chanel,CC,Good condition,Gold plated,Gold,Vintage,"United States, from the seller ezla","$2,750",,https://www.vestiairecollective.com/women-jewellery/necklaces/chanel/gold-gold-plated-cc-chanel-necklace-42750015.shtml
Yellow gold earrings Maria Tash Gold in Yellow gold ,2024-03-20,"https://images.vestiairecollective.com/images/resized/w=1246,q=75,f=auto,/produit/gold-yellow-gold-maria-tash-earrings-42497849-1_2.jpg",Women,Jewellery,Earrings,Maria Tash,Very good condition,Yellow gold,Gold,"United States, from the seller Tanya",42497849,,$539,,https://www.vestiairecollective.com/women-jewellery/earrings/maria-tash/gold-yellow-gold-maria-tash-earrings-42497849.shtml
Chypre leather sandals Hermès Blue size 41 EU in Leather ,2024-02-06,"https://images.vestiairecollective.com/images/resized/w=1246,q=75,f=auto,/produit/blue-leather-chypre-hermes-sandals-41074574-1_3.jpg",Men,Shoes,Sandals,Hermès,Chypre,Never worn,Leather,Blue,41 EU,"United States, from the seller Alan","$1,155",,https://www.vestiairecollective.com/men-shoes/sandals/hermes/blue-leather-chypre-hermes-sandals-41074574.shtml
Leather trainers Burberry Brown size 34 FR in Leather ,2024-03-04,"https://images.vestiairecollective.com/images/resized/w=1246,q=75,f=auto,/produit/brown-leather-burberry-trainers-41965135-1_4.jpg",Kids,Shoes,Trainers,Burberry,"Never worn, with tag",Leather,Brown,34 FR,"United States, from the seller kira",41965135,$342.10,,https://www.vestiairecollective.com/kids-shoes/trainers/burberry/brown-leather-burberry-trainers-41965135.shtml
Leather trainers Versace White size 40 EU in Leather ,2024-03-28,"https://images.vestiairecollective.com/images/resized/w=1246,q=75,f=auto,/produit/white-leather-versace-trainers-42742433-1.jpg",Women,Shoes,Trainers,Versace,Never worn,Leather,White,40 EU,"United States, from the seller Tenneh",42742433,$244.15,,https://www.vestiairecollective.com/women-shoes/trainers/versace/white-leather-versace-trainers-42742433.shtml
Top Chloé Navy size 14 ans ,2024-03-27,"https://images.vestiairecollective.com/images/resized/w=1246,q=75,f=auto,/produit/navy-polyester-chloe-top-42714481-1_2.jpg",Kids,Girls,Tops,Chloé,"Never worn, with tag",Polyester,Navy,14 ans - S FR,"United States, from the seller Alexandra",42714481,$85.80,,https://www.vestiairecollective.com/kids-girls/tops/chloe/navy-polyester-chloe-top-42714481.shtml
Leather handbag Prada Black in Leather ,2024-01-18,"https://images.vestiairecollective.com/images/resized/w=1246,q=75,f=auto,/produit/black-leather-prada-handbag-40482650-1_2.jpg",Women,Bags,Handbags,Prada,Very good condition,Leather,Black,Vintage,"United States, from the seller Alexis",40482650,$385,$346.50,https://www.vestiairecollective.com/women-bags/handbags/prada/black-leather-prada-handbag-40482650.shtml
Marmont leather handbag Gucci Beige in Leather ,2024-03-21,"https://images.vestiairecollective.com/images/resized/w=1246,q=75,f=auto,/produit/beige-leather-marmont-gucci-handbag-42350644-1_1.jpg",Women,Bags,Handbags,Gucci,Marmont,Very good condition,Leather,Beige,Vestiaire Collective United States,42350644,"$1,695",,https://www.vestiairecollective.com/women-bags/handbags/gucci/beige-leather-marmont-gucci-handbag-42350644.shtml
Pochette accessoire cloth handbag Louis Vuitton Brown in Cloth ,2024-03-30,"https://images.vestiairecollective.com/images/resized/w=1246,q=75,f=auto,/produit/brown-cloth-pochette-accessoire-louis-vuitton-handbag-42783155-1_1.jpg",Women,Bags,Handbags,Louis Vuitton,Pochette Accessoire,Never worn,Cloth,Brown,Vestiaire Collective United States,42783155,$577.50,,https://www.vestiairecollective.com/women-bags/handbags/louis-vuitton/brown-cloth-pochette-accessoire-louis-vuitton-handbag-42783155.shtml
Maxi dress Matteau Blue size 6 US in Cotton ,2024-02-28,"https://images.vestiairecollective.com/images/resized/w=1246,q=75,f=auto,/produit/blue-cotton-matteau-dress-41811486-1_2.jpg",Women,Clothing,Dresses,Matteau,"Never worn, with tag",Cotton,Blue,6 US,"United States, from the seller Megan",41811486,$493.90,,https://www.vestiairecollective.com/women-clothing/dresses/matteau/blue-cotton-matteau-dress-41811486.shtml
Silk mini short Zimmermann Multicolour size 0 0,2023-07-31,"https://images.vestiairecollective.com/images/resized/w=1246,q=75,f=auto,/produit/multicolour-silk-zimmermann-shorts-35341518-1_1.jpg",Women,Clothing,Shorts,Zimmermann,Very good condition,Silk,Multicolour,0 0-5,Vestiaire Collective United States,35341518,$256.01,$145,https://www.vestiairecollective.com/women-clothing/shorts/zimmermann/multicolour-silk-zimmermann-shorts-35341518.shtml
Leather handbag Miu Miu Brown in Leather ,2024-03-31,"https://images.vestiairecollective.com/images/resized/w=1246,q=75,f=auto,/produit/brown-leather-miu-miu-handbag-42801935-1_3.jpg",Women,Bags,Handbags,Miu Miu,Very good condition,Leather,Brown,Vintage,"Germany, from the seller Lucian",42801935,$518.88,,https://www.vestiairecollective.com/women-bags/handbags/miu-miu/brown-leather-miu-miu-handbag-42801935.shtml
Jewellery Gucci Red in Other ,2024-02-07,"https://images.vestiairecollective.com/images/resized/w=1246,q=75,f=auto,/produit/red-other-gucci-jewellery-41142063-1_2.jpg",Kids,Accessories,Jewellery,Gucci,Very good condition,Other,Red,"United States, from the seller Provenance",41142063,,$247,,https://www.vestiairecollective.com/kids-accessories/jewellery/gucci/red-other-gucci-jewellery-41142063.shtml
Mules & clogs Saint Laurent Multicolour size 38.5 EU in Plastic ,2024-03-30,"https://images.vestiairecollective.com/images/resized/w=1246,q=75,f=auto,/produit/multicolour-plastic-saint-laurent-mules-clogs-42803488-1_4.jpg",Women,Shoes,Mules & Clogs,Saint Laurent,Never worn,Plastic,Multicolour,38.5 EU,"United States, from the seller Mojisola",42803488,$418,,https://www.vestiairecollective.com/women-shoes/mules-clogs/saint-laurent/multicolour-plastic-saint-laurent-mules-clogs-42803488.shtml
Cynthia leather satchel Michael Kors Black in Leather ,2024-03-29,"https://images.vestiairecollective.com/images/resized/w=1246,q=75,f=auto,/produit/black-leather-cynthia-michael-kors-handbag-42777907-1_2.jpg",Women,Bags,Handbags,Michael Kors,Cynthia,Never worn,Leather,Black,"United States, from the seller nicole",42777907,$110,,https://www.vestiairecollective.com/women-bags/handbags/michael-kors/black-leather-cynthia-michael-kors-handbag-42777907.shtml
Cardi coat Sandro Black size 1 0,2024-03-31,"https://images.vestiairecollective.com/images/resized/w=1246,q=75,f=auto,/produit/black-cotton-sandro-jacket-42813391-1_2.jpg",Women,Clothing,Jackets,Sandro,Never worn,Cotton,Black,1 0-5,"Singapore, from the seller stepfanie",42813391,$302.29,,https://www.vestiairecollective.com/women-clothing/jackets/sandro/black-cotton-sandro-jacket-42813391.shtml
Saint,2024-03-29,"https://images.vestiairecollective.com/images/resized/w=1246,q=75,f=auto,/produit/black-leather-saint-louis-goyard-handbag-42761773-1_2.jpg",Women,Bags,Handbags,Goyard,Saint-Louis,Very good condition,Leather,Black,"United States, from the seller Coco",42761773,"$2,050",,https://www.vestiairecollective.com/women-bags/handbags/goyard/black-leather-saint-louis-goyard-handbag-42761773.shtml
Knitwear & sweatshirt Dior Beige size S International in Cotton ,2024-01-05,"https://images.vestiairecollective.com/images/resized/w=1246,q=75,f=auto,/produit/beige-cotton-dior-knitwear-sweatshirt-40091706-1_1.jpg",Men,Clothing,Knitwear & Sweatshirts,Dior,Never worn,Cotton,Beige,S International,Vestiaire Collective United States,40091706,$422,,https://www.vestiairecollective.com/men-clothing/knitwear-sweatshirts/dior/beige-cotton-dior-knitwear-sweatshirt-40091706.shtml
Handbag Vivienne Westwood Red in Cotton ,2024-03-21,"https://images.vestiairecollective.com/images/resized/w=1246,q=75,f=auto,/produit/red-cotton-vivienne-westwood-handbag-42511972-1_2.jpg",Women,Bags,Handbags,Vivienne Westwood,Fair condition,Cotton,Red,Vintage,"United States, from the seller Susan",42511972,$385,$330,https://www.vestiairecollective.com/women-bags/handbags/vivienne-westwood/red-cotton-vivienne-westwood-handbag-42511972.shtml
Louis junior spike low trainers Christian Louboutin Purple size 44.5 EU in Suede ,2024-03-01,"https://images.vestiairecollective.com/images/resized/w=1246,q=75,f=auto,/produit/purple-suede-louis-junior-spike-christian-louboutin-trainers-41876220-2_4.jpg",Men,Shoes,Trainers,Christian Louboutin,Louis junior spike,"Never worn, with tag",Suede,Purple,44.5 EU,"United States, from the seller claudia",$440,,https://www.vestiairecollective.com/men-shoes/trainers/christian-louboutin/purple-suede-louis-junior-spike-christian-louboutin-trainers-41876220.shtml
Powder puff heels Aquazzura Pink size 41 EU in Suede ,2024-03-31,"https://images.vestiairecollective.com/images/resized/w=1246,q=75,f=auto,/produit/pink-suede-powder-puff-aquazzura-heels-42808819-1_2.jpg",Women,Shoes,Heels,Aquazzura,Powder Puff,Good condition,Suede,Pink,41 EU,"United States, from the seller Krystsina",$121,,https://www.vestiairecollective.com/women-shoes/heels/aquazzura/pink-suede-powder-puff-aquazzura-heels-42808819.shtml
Earrings Balenciaga Gold in Metal ,2024-03-31,"https://images.vestiairecollective.com/images/resized/w=1246,q=75,f=auto,/produit/gold-metal-balenciaga-earrings-42763136-1_3.jpg",Women,Jewellery,Earrings,Balenciaga,Very good condition,Metal,Gold,Vintage,"France, from the seller olivia",42763136,$155.66,,https://www.vestiairecollective.com/women-jewellery/earrings/balenciaga/gold-metal-balenciaga-earrings-42763136.shtml
Bag & pencil case Moschino Pink in Cotton ,2023-09-12,"https://images.vestiairecollective.com/images/resized/w=1246,q=75,f=auto,/produit/pink-cotton-moschino-bag-pencil-case-36589268-1_2.jpg",Kids,Accessories,Bags & Pencil cases,Moschino,Very good condition,Cotton,Pink,"United States, from the seller Julija",36589268,,$220,$121,https://www.vestiairecollective.com/kids-accessories/bags-pencil-cases/moschino/pink-cotton-moschino-bag-pencil-case-36589268.shtml
Baguette cloth handbag Fendi Beige in Cloth ,2024-03-30,"https://images.vestiairecollective.com/images/resized/w=1246,q=75,f=auto,/produit/beige-cloth-baguette-fendi-handbag-42807840-1_2.jpg",Women,Bags,Handbags,Fendi,Baguette,Good condition,Cloth,Beige,"United States, from the seller Nocaplux",42807840,$715,$649,https://www.vestiairecollective.com/women-bags/handbags/fendi/beige-cloth-baguette-fendi-handbag-42807840.shtml
Jacket Kiton Blue size M International in Polyamide ,2024-03-27,"https://images.vestiairecollective.com/images/resized/w=1246,q=75,f=auto,/produit/blue-polyamide-kiton-jacket-42696542-1_2.jpg",Men,Clothing,Jackets,Kiton,Never worn,Polyamide,Blue,M International,"United States, from the seller antonio",42696542,$715,$495,https://www.vestiairecollective.com/men-clothing/jackets/kiton/blue-polyamide-kiton-jacket-42696542.shtml
Puzzle leather bag Loewe Blue in Leather ,2024-03-07,"https://images.vestiairecollective.com/images/resized/w=1246,q=75,f=auto,/produit/blue-leather-puzzle-loewe-bag-41899891-1_1.jpg",Men,Bags,Bags,Loewe,Puzzle,Very good condition,Leather,Blue,Vestiaire Collective United States,41899891,"$1,795","$1,705.25",https://www.vestiairecollective.com/men-bags/bags/loewe/blue-leather-puzzle-loewe-bag-41899891.shtml
Cassandra top handle leather handbag Saint Laurent Beige in Leather ,2024-03-29,"https://images.vestiairecollective.com/images/resized/w=1246,q=75,f=auto,/produit/beige-leather-cassandra-top-handle-saint-laurent-handbag-42782092-1.jpg",Women,Bags,Handbags,Saint Laurent,Cassandra Top Handle,Very good condition,Leather,Beige,"United States, from the seller jessica",42782092,"$1,815","$1,650",https://www.vestiairecollective.com/women-bags/handbags/saint-laurent/beige-leather-cassandra-top-handle-saint-laurent-handbag-42782092.shtml
Wool jacket Moncler Black size S International in Wool ,2024-03-21,"https://images.vestiairecollective.com/images/resized/w=1246,q=75,f=auto,/produit/black-wool-moncler-jacket-42531197-1_2.jpg",Men,Clothing,Jackets,Moncler,Very good condition,Wool,Black,S International,"United States, from the seller TRIBUTE TO STYLE",42531197,$614,,https://www.vestiairecollective.com/men-clothing/jackets/moncler/black-wool-moncler-jacket-42531197.shtml
Leather clutch bag Mulberry Brown in Leather ,2024-03-31,"https://images.vestiairecollective.com/images/resized/w=1246,q=75,f=auto,/produit/brown-leather-mulberry-clutch-bag-42802055-1_3.jpg",Women,Bags,Clutch bags,Mulberry,Good condition,Leather,Brown,"Sweden, from the seller Aficionado Stockholm",42802055,,$170.39,,https://www.vestiairecollective.com/women-bags/clutch-bags/mulberry/brown-leather-mulberry-clutch-bag-42802055.shtml
Vest Moncler Black size M International in Synthetic ,2024-02-13,"https://images.vestiairecollective.com/images/resized/w=1246,q=75,f=auto,/produit/black-synthetic-moncler-knitwear-sweatshirt-41341381-1.jpg",Men,Clothing,Knitwear & Sweatshirts,Moncler,"Never worn, with tag",Synthetic,Black,M International,"United States, from the seller Anthony",41341381,$198,$178.20,https://www.vestiairecollective.com/men-clothing/knitwear-sweatshirts/moncler/black-synthetic-moncler-knitwear-sweatshirt-41341381.shtml
Small bag Gucci Black in Synthetic ,2024-03-29,"https://images.vestiairecollective.com/images/resized/w=1246,q=75,f=auto,/produit/black-synthetic-gucci-small-bag-42781589-1_2.jpg",Men,Bags,"Small bags, wallets & cases",Gucci,Never worn,Synthetic,Black,"United States, from the seller Camila",42781589,,$55,$41.80,https://www.vestiairecollective.com/men-bags/small-bags-wallets-cases/gucci/black-synthetic-gucci-small-bag-42781589.shtml
Leather heels Yves Saint Laurent Black size 37.5 EU in Leather ,2024-03-31,"https://images.vestiairecollective.com/images/resized/w=1246,q=75,f=auto,/produit/black-leather-yves-saint-laurent-heels-42813882-1_2.jpg",Women,Shoes,Heels,Yves Saint Laurent,Very good condition,Leather,Black,37.5 EU,"United States, from the seller Mira",42813882,$518.88,,https://www.vestiairecollective.com/women-shoes/heels/yves-saint-laurent/black-leather-yves-saint-laurent-heels-42813882.shtml
Bom dia leather sandal Louis Vuitton Black size 8.5 US in Leather ,2024-03-29,"https://images.vestiairecollective.com/images/resized/w=1246,q=75,f=auto,/produit/black-leather-bom-dia-louis-vuitton-sandals-42773414-1_2.jpg",Women,Shoes,Sandals,Louis Vuitton,Bom Dia,Good condition,Leather,Black,8.5 US,"United States, from the seller Leora",$825,,https://www.vestiairecollective.com/women-shoes/sandals/louis-vuitton/black-leather-bom-dia-louis-vuitton-sandals-42773414.shtml
Gg marmont chain flap wallet leather crossbody bag Gucci Black in Leather ,2023-12-17,"https://images.vestiairecollective.com/images/resized/w=1246,q=75,f=auto,/produit/black-leather-gg-marmont-chain-flap-wallet-gucci-handbag-39574344-1_5.jpg",Women,Bags,Handbags,Gucci,GG Marmont Chain Flap Wallet,Very good condition,Leather,Black,"United States, from the seller Michelle",39574344,$880,$771.10,https://www.vestiairecollective.com/women-bags/handbags/gucci/black-leather-gg-marmont-chain-flap-wallet-gucci-handbag-39574344.shtml
Tessuto handbag Prada Red in Synthetic ,2024-03-29,"https://images.vestiairecollective.com/images/resized/w=1246,q=75,f=auto,/produit/red-synthetic-tessuto-prada-handbag-42781625-1_1.jpg",Women,Bags,Handbags,Prada,Tessuto,Very good condition,Synthetic,Red,Vestiaire Collective United States,42781625,$302.50,,https://www.vestiairecollective.com/women-bags/handbags/prada/red-synthetic-tessuto-prada-handbag-42781625.shtml
Leather flats JORDAN Multicolour size 11 US in Leather ,2024-03-09,"https://images.vestiairecollective.com/images/resized/w=1246,q=75,f=auto,/produit/multicolour-leather-jordan-flats-42149179-1_2.jpg",Kids,Shoes,Flats,JORDAN,Very good condition,Leather,Multicolour,11 US,"United States, from the seller Aisha",42149179,$41.80,$35.20,https://www.vestiairecollective.com/kids-shoes/flats/jordan/multicolour-leather-jordan-flats-42149179.shtml
Silk trousers Versace Green size XL International in Silk ,2024-03-17,"https://images.vestiairecollective.com/images/resized/w=1246,q=75,f=auto,/produit/green-silk-versace-trousers-42382339-1_2.jpg",Men,Clothing,Trousers,Versace,Never worn,Silk,Green,XL International,"United States, from the seller Call",42382339,$330,,https://www.vestiairecollective.com/men-clothing/trousers/versace/green-silk-versace-trousers-42382339.shtml
Shirt Ralph Lauren Green size 4 years ,2023-06-03,"https://images.vestiairecollective.com/images/resized/w=1246,q=75,f=auto,/produit/green-cotton-ralph-lauren-top-34055879-1_2.jpg",Kids,Boys,Tops,Ralph Lauren,Never worn,Cotton,Green,4 years - until 40 inches UK,"United States, from the seller Meli",34055879,$27.50,$14.30,https://www.vestiairecollective.com/kids-boys/tops/ralph-lauren/green-cotton-ralph-lauren-top-34055879.shtml
Messenger leather handbag Yves Saint Laurent Black in Leather ,2024-02-24,"https://images.vestiairecollective.com/images/resized/w=1246,q=75,f=auto,/produit/black-leather-messenger-yves-saint-laurent-handbag-41685201-1_2.jpg",Women,Bags,Handbags,Yves Saint Laurent,Messenger,Fair condition,Leather,Black,Vintage,"United States, from the seller Daniel",$182.60,,https://www.vestiairecollective.com/women-bags/handbags/yves-saint-laurent/black-leather-messenger-yves-saint-laurent-handbag-41685201.shtml
Patent leather ballet flats Chanel Black size 38 EU in Patent leather ,2024-03-28,"https://images.vestiairecollective.com/images/resized/w=1246,q=75,f=auto,/produit/black-patent-leather-chanel-ballet-flats-42750330-1.jpg",Women,Shoes,Ballet flats,Chanel,Very good condition,Patent leather,Black,38 EU,"United States, from the seller Adrianne",42750330,$275,,https://www.vestiairecollective.com/women-shoes/ballet-flats/chanel/black-patent-leather-chanel-ballet-flats-42750330.shtml
Air jordan 4 leather trainers JORDAN Brown size 6 US in Leather ,2023-12-11,"https://images.vestiairecollective.com/images/resized/w=1246,q=75,f=auto,/produit/brown-leather-air-jordan-4-jordan-trainers-39407715-1_3.jpg",Kids,Shoes,Trainers,JORDAN,Air Jordan 4,Very good condition,Leather,Brown,6 US,"United States, from the seller Julid",$440,$386.10,https://www.vestiairecollective.com/kids-shoes/trainers/jordan/brown-leather-air-jordan-4-jordan-trainers-39407715.shtml
Nmd hu cloth low trainers Adidas x Pharrell Williams Black size 13 US in Cloth ,2024-03-06,"https://images.vestiairecollective.com/images/resized/w=1246,q=75,f=auto,/produit/black-cloth-nmd-hu-adidas-x-pharrell-williams-trainers-42052422-1_2.jpg",Men,Shoes,Trainers,Adidas x Pharrell Williams,NMD Hu,"Never worn, with tag",Cloth,Black,13 US,"United States, from the seller CurtiS",$148.50,$82.50,https://www.vestiairecollective.com/men-shoes/trainers/adidas-x-pharrell-williams/black-cloth-nmd-hu-adidas-x-pharrell-williams-trainers-42052422.shtml
Trousers Cecilie Bahnsen Blue size 6 US in Polyester ,2024-03-22,"https://images.vestiairecollective.com/images/resized/w=1246,q=75,f=auto,/produit/blue-polyester-cecilie-bahnsen-trousers-42282424-1_1.jpg",Women,Clothing,Trousers,Cecilie Bahnsen,Very good condition,Polyester,Blue,6 US,Vestiaire Collective United States,42282424,$125,,https://www.vestiairecollective.com/women-clothing/trousers/cecilie-bahnsen/blue-polyester-cecilie-bahnsen-trousers-42282424.shtml
Silk corset Versace Multicolour size 38 IT in Silk ,2024-02-04,"https://images.vestiairecollective.com/images/resized/w=1246,q=75,f=auto,/produit/multicolour-silk-versace-top-41040641-3_7.jpg",Women,Clothing,Tops,Versace,"Never worn, with tag",Silk,Multicolour,38 IT,"United States, from the seller anna",41040641,$247.50,$223.30,https://www.vestiairecollective.com/women-clothing/tops/versace/multicolour-silk-versace-top-41040641.shtml
Satchel Balenciaga Blue in Polyester ,2024-03-30,"https://images.vestiairecollective.com/images/resized/w=1246,q=75,f=auto,/produit/blue-polyester-balenciaga-bag-42788396-1_2.jpg",Men,Bags,Bags,Balenciaga,Never worn,Polyester,Blue,"United States, from the seller Aaron",42788396,,$163.90,,https://www.vestiairecollective.com/men-bags/bags/balenciaga/blue-polyester-balenciaga-bag-42788396.shtml
Leather belt Gucci Burgundy size 70 cm in Leather ,2024-01-08,"https://images.vestiairecollective.com/images/resized/w=1246,q=75,f=auto,/produit/burgundy-leather-gucci-belt-40174059-1_2.jpg",Women,Accessories,Belts,Gucci,Never worn,Leather,Burgundy,70 cm,"United States, from the seller Hotter Cooler",40174059,$185.90,,https://www.vestiairecollective.com/women-accessories/belts/gucci/burgundy-leather-gucci-belt-40174059.shtml
Sunset leather crossbody bag Saint Laurent Green in Leather ,2024-03-24,"https://images.vestiairecollective.com/images/resized/w=1246,q=75,f=auto,/produit/green-leather-sunset-saint-laurent-handbag-42614243-1_2.jpg",Women,Bags,Handbags,Saint Laurent,Sunset,Very good condition,Leather,Green,"United States, from the seller Prtia",42614243,"$1,595","$1,375",https://www.vestiairecollective.com/women-bags/handbags/saint-laurent/green-leather-sunset-saint-laurent-handbag-42614243.shtml
Jacket Acne Studios Khaki size 50 IT in Cotton ,2024-03-30,"https://images.vestiairecollective.com/images/resized/w=1246,q=75,f=auto,/produit/khaki-cotton-acne-studios-jacket-42789106-1_2.jpg",Men,Clothing,Jackets,Acne Studios,Very good condition,Cotton,Khaki,50 IT,"United States, from the seller Yana",42789106,$165,,https://www.vestiairecollective.com/men-clothing/jackets/acne-studios/khaki-cotton-acne-studios-jacket-42789106.shtml
Leather wallet Gucci Brown in Leather ,2024-03-30,"https://images.vestiairecollective.com/images/resized/w=1246,q=75,f=auto,/produit/brown-leather-gucci-wallet-42803913-1_2.jpg",Women,Accessories,Wallets,Gucci,Very good condition,Leather,Brown,"United States, from the seller Provenance",42803913,,$187,,https://www.vestiairecollective.com/women-accessories/wallet/gucci/brown-leather-gucci-wallet-42803913.shtml
Cashmere pants Dior Beige size 3 years ,2023-04-24,"https://images.vestiairecollective.com/images/resized/w=1246,q=75,f=auto,/produit/beige-cashmere-dior-trousers-32836148-1_3.jpg",Kids,Boys,Trousers,Dior,"Never worn, with tag",Cashmere,Beige,3 years - until 39 inches UK,"United States, from the seller Michele",32836148,$217.80,$108.90,https://www.vestiairecollective.com/kids-boys/trousers/dior/beige-cashmere-dior-trousers-32836148.shtml
Handbag Gucci Beige in Cotton ,2024-03-31,"https://images.vestiairecollective.com/images/resized/w=1246,q=75,f=auto,/produit/beige-cotton-gucci-handbag-42813662-1_2.jpg",Women,Bags,Handbags,Gucci,Good condition,Cotton,Beige,"Japan, from the seller brandear",42813662,,$240,,https://www.vestiairecollective.com/women-bags/handbags/gucci/beige-cotton-gucci-handbag-42813662.shtml
Corset Orseund Iris Black size S International in Polyamide ,2024-02-28,"https://images.vestiairecollective.com/images/resized/w=1246,q=75,f=auto,/produit/black-polyamide-orseund-iris-top-41806085-1.jpg",Women,Clothing,Tops,Orseund Iris,Very good condition,Polyamide,Black,S International,"United States, from the seller Ryann",41806085,$154,,https://www.vestiairecollective.com/women-clothing/tops/orseund-iris/black-polyamide-orseund-iris-top-41806085.shtml
Leather wallet Prada Black in Leather ,2024-03-23,"https://images.vestiairecollective.com/images/resized/w=1246,q=75,f=auto,/produit/black-leather-prada-wallet-42596025-1_2.jpg",Women,Accessories,Wallets,Prada,Very good condition,Leather,Black,"United States, from the seller Cameron",42596025,,$135.30,,https://www.vestiairecollective.com/women-accessories/wallet/prada/black-leather-prada-wallet-42596025.shtml
Wool suit Saint Laurent Blue size 48 FR in Wool ,2023-12-21,"https://images.vestiairecollective.com/images/resized/w=1246,q=75,f=auto,/produit/blue-wool-saint-laurent-suit-39708086-1_3.jpg",Men,Clothing,Suits,Saint Laurent,Very good condition,Wool,Blue,48 FR,"United States, from the seller Andy",39708086,$825,$335.50,https://www.vestiairecollective.com/men-clothing/suits/saint-laurent/blue-wool-saint-laurent-suit-39708086.shtml
Wool jacket Celine Black size 50 IT in Wool ,2024-03-29,"https://images.vestiairecollective.com/images/resized/w=1246,q=75,f=auto,/produit/black-wool-celine-jacket-42757314-1_2.jpg",Men,Clothing,Jackets,Celine,Very good condition,Wool,Black,50 IT,"United States, from the seller Luis",42757314,"$1,644.50",,https://www.vestiairecollective.com/men-clothing/jackets/celine/black-wool-celine-jacket-42757314.shtml
Wool scarf Acne Studios Blue in Wool ,2024-03-31,"https://images.vestiairecollective.com/images/resized/w=1246,q=75,f=auto,/produit/blue-wool-acne-studios-scarf-42813161-1_2.jpg",Women,Accessories,Scarves,Acne Studios,Very good condition,Wool,Blue,"Lithuania, from the seller magda",42813161,,$175.12,,https://www.vestiairecollective.com/women-accessories/scarves/acne-studios/blue-wool-acne-studios-scarf-42813161.shtml
Leather low trainers Gucci White size 10.5 US in Leather ,2024-02-25,"https://images.vestiairecollective.com/images/resized/w=1246,q=75,f=auto,/produit/white-leather-gucci-trainers-41737410-1_2.jpg",Men,Shoes,Trainers,Gucci,Never worn,Leather,White,10.5 US,"United States, from the seller Hotter Cooler",41737410,$352,,https://www.vestiairecollective.com/men-shoes/trainers/gucci/white-leather-gucci-trainers-41737410.shtml
Speedy handbag Louis Vuitton Brown in Synthetic ,2024-03-31,"https://images.vestiairecollective.com/images/resized/w=1246,q=75,f=auto,/produit/brown-synthetic-speedy-louis-vuitton-handbag-42813237-1_2.jpg",Women,Bags,Handbags,Louis Vuitton,Speedy,Fair condition,Synthetic,Brown,"Japan, from the seller brandear",42813237,$326,,https://www.vestiairecollective.com/women-bags/handbags/louis-vuitton/brown-synthetic-speedy-louis-vuitton-handbag-42813237.shtml
Diana leather crossbody bag Chanel Black in Leather ,2024-01-22,"https://images.vestiairecollective.com/images/resized/w=1246,q=75,f=auto,/produit/black-leather-diana-chanel-handbag-40578637-1_3.jpg",Women,Bags,Handbags,Chanel,Diana,Very good condition,Leather,Black,Vintage,"United States, from the seller Alisa","$3,520","$3,135",https://www.vestiairecollective.com/women-bags/handbags/chanel/black-leather-diana-chanel-handbag-40578637.shtml
Cartouchière leather crossbody bag Louis Vuitton Brown in Leather ,2024-03-22,"https://images.vestiairecollective.com/images/resized/w=1246,q=75,f=auto,/produit/brown-leather-cartouchiere-louis-vuitton-handbag-42565652-1_2.jpg",Women,Bags,Handbags,Louis Vuitton,Cartouchière,Very good condition,Leather,Brown,"United States, from the seller Emeka",42565652,$539,$467.50,https://www.vestiairecollective.com/women-bags/handbags/louis-vuitton/brown-leather-cartouchiere-louis-vuitton-handbag-42565652.shtml
Pouch leather clutch bag Bottega Veneta Burgundy in Leather ,2024-01-23,"https://images.vestiairecollective.com/images/resized/w=1246,q=75,f=auto,/produit/burgundy-leather-pouch-bottega-veneta-clutch-bag-40648636-1_2.jpg",Women,Bags,Clutch bags,Bottega Veneta,Pouch,Never worn,Leather,Burgundy,"United States, from the seller Ting",40648636,$979,$707.30,https://www.vestiairecollective.com/women-bags/clutch-bags/bottega-veneta/burgundy-leather-pouch-bottega-veneta-clutch-bag-40648636.shtml
Leather riding boots Prada Black size 38 EU in Leather ,2024-03-14,"https://images.vestiairecollective.com/images/resized/w=1246,q=75,f=auto,/produit/black-leather-prada-boots-42315705-1.jpg",Women,Shoes,Boots,Prada,Very good condition,Leather,Black,38 EU,Vintage,"United States, from the seller Marie",$275,,https://www.vestiairecollective.com/women-shoes/boots/prada/black-leather-prada-boots-42315705.shtml
Patent leather belts/suspenders Dolce & Gabbana Black in Patent leather ,2024-02-17,"https://images.vestiairecollective.com/images/resized/w=1246,q=75,f=auto,/produit/black-patent-leather-dolce-gabbana-beltssuspenders-41461418-1_4.jpg",Kids,Accessories,Belts.Suspenders,Dolce & Gabbana,"Never worn, with tag",Patent leather,Black,"United States, from the seller Taylor",41461418,,$99,,https://www.vestiairecollective.com/kids-accessories/belts-suspenders/dolce-gabbana/black-patent-leather-dolce-gabbana-beltssuspenders-41461418.shtml
Crocodile flats Versace Black size 41 EU in Crocodile ,2024-03-28,"https://images.vestiairecollective.com/images/resized/w=1246,q=75,f=auto,/produit/black-crocodile-versace-flats-42725472-1_2.jpg",Men,Shoes,Flats,Versace,Never worn,Exotic leathers,Black,41 EU,"United States, from the seller Maria",42725472,$495,,https://www.vestiairecollective.com/men-shoes/flats/versace/black-crocodile-versace-flats-42725472.shtml
Shirt Burberry White size S International in Cotton ,2024-02-01,"https://images.vestiairecollective.com/images/resized/w=1246,q=75,f=auto,/produit/white-cotton-burberry-shirt-40949299-1_2.jpg",Men,Clothing,Shirts,Burberry,"Never worn, with tag",Cotton,White,S International,"United States, from the seller juily",40949299,$214.50,,https://www.vestiairecollective.com/men-clothing/shirts/burberry/white-cotton-burberry-shirt-40949299.shtml
Cap Burberry Beige size S International in Cotton ,2024-03-25,"https://images.vestiairecollective.com/images/resized/w=1246,q=75,f=auto,/produit/beige-cotton-burberry-hat-42603499-1_3.jpg",Women,Accessories,Hats,Burberry,"Never worn, with tag",Cotton,Beige,S International,"United States, from the seller juily",42603499,$218.90,,https://www.vestiairecollective.com/women-accessories/hats/burberry/beige-cotton-burberry-hat-42603499.shtml
Trousers Zimmermann Multicolour size 2 US in Cotton ,2024-03-30,"https://images.vestiairecollective.com/images/resized/w=1246,q=75,f=auto,/produit/multicolour-cotton-zimmermann-trousers-42807243-1_2.jpg",Women,Clothing,Trousers,Zimmermann,"Never worn, with tag",Cotton,Multicolour,2 US,"United States, from the seller Anna",42807243,$495,,https://www.vestiairecollective.com/women-clothing/trousers/zimmermann/multicolour-cotton-zimmermann-trousers-42807243.shtml
Tiffany t pink gold ring Tiffany & Co Black size 49 EU in Pink gold ,2024-03-25,"https://images.vestiairecollective.com/images/resized/w=1246,q=75,f=auto,/produit/black-pink-gold-tiffany-t-tiffany-co-ring-42629278-1_3.jpg",Women,Jewellery,Rings,Tiffany & Co,Tiffany T,Never worn,Pink gold,Black,49 EU,"United States, from the seller Online shop","$1,309",,https://www.vestiairecollective.com/women-jewellery/rings/tiffany-co/black-pink-gold-tiffany-t-tiffany-co-ring-42629278.shtml
Silk coat Camilla Multicolour size 42 FR in Silk ,2024-03-31,"https://images.vestiairecollective.com/images/resized/w=1246,q=75,f=auto,/produit/multicolour-silk-camilla-coat-42803059-1_3.jpg",Women,Clothing,Coats,Camilla,Very good condition,Silk,Multicolour,42 FR,"France, from the seller Lynn",42803059,"$1,285.10",,https://www.vestiairecollective.com/women-clothing/coats/camilla/multicolour-silk-camilla-coat-42803059.shtml
Boots Burberry Pink size 1 US in Rubber ,2024-02-02,"https://images.vestiairecollective.com/images/resized/w=1246,q=75,f=auto,/produit/pink-rubber-burberry-boots-40984314-1_2.jpg",Kids,Shoes,Boots,Burberry,Never worn,Rubber,Pink,1 US,"United States, from the seller jennifer",40984314,$174.90,$157.30,https://www.vestiairecollective.com/kids-shoes/boots/burberry/pink-rubber-burberry-boots-40984314.shtml
Webby bee cloth crossbody bag Gucci Multicolour in Cloth ,2024-03-27,"https://images.vestiairecollective.com/images/resized/w=1246,q=75,f=auto,/produit/multicolour-cloth-webby-bee-gucci-handbag-42682771-1_3.jpg",Women,Bags,Handbags,Gucci,Webby Bee,Very good condition,Cloth,Multicolour,"United States, from the seller Linjing",42682771,$574.20,,https://www.vestiairecollective.com/women-bags/handbags/gucci/multicolour-cloth-webby-bee-gucci-handbag-42682771.shtml
Hamilton leather satchel Michael Kors Camel in Leather ,2024-03-29,"https://images.vestiairecollective.com/images/resized/w=1246,q=75,f=auto,/produit/camel-leather-hamilton-michael-kors-handbag-42761408-1_3.jpg",Women,Bags,Handbags,Michael Kors,Hamilton,"Never worn, with tag",Leather,Camel,"United States, from the seller Andrey",42761408,$170.50,,https://www.vestiairecollective.com/women-bags/handbags/michael-kors/camel-leather-hamilton-michael-kors-handbag-42761408.shtml
Necklace Yves Saint Laurent Gold in Gold plated ,2024-03-20,"https://images.vestiairecollective.com/images/resized/w=1246,q=75,f=auto,/produit/gold-gold-plated-yves-saint-laurent-necklace-42479369-1_2.jpg",Women,Jewellery,Necklaces,Yves Saint Laurent,Very good condition,Gold plated,Gold,Vintage,"United States, from the seller helene",42479369,$284.90,,https://www.vestiairecollective.com/women-jewellery/necklaces/yves-saint-laurent/gold-gold-plated-yves-saint-laurent-necklace-42479369.shtml
Pin & brooche Prada Black in Other ,2024-03-31,"https://images.vestiairecollective.com/images/resized/w=1246,q=75,f=auto,/produit/black-other-prada-pin-brooch-42802636-1_3.jpg",Women,Jewellery,Pins & brooches,Prada,Never worn,Other,Black,"Italy, from the seller michelle",42802636,,$132.31,,https://www.vestiairecollective.com/women-jewellery/pins-brooches/prada/black-other-prada-pin-brooch-42802636.shtml
Jackie vintage cloth handbag Gucci Navy in Cloth ,2024-03-31,"https://images.vestiairecollective.com/images/resized/w=1246,q=75,f=auto,/produit/navy-cloth-jackie-vintage-gucci-handbag-42813073-1_2.jpg",Women,Bags,Handbags,Gucci,Jackie Vintage,Very good condition,Cloth,Navy,"Japan, from the seller HIVE",42813073,$466.99,,https://www.vestiairecollective.com/women-bags/handbags/gucci/navy-cloth-jackie-vintage-gucci-handbag-42813073.shtml
Timeless/classique leather handbag Chanel Beige in Leather ,2024-01-11,"https://images.vestiairecollective.com/images/resized/w=1246,q=75,f=auto,/produit/beige-leather-timeless-classique-chanel-handbag-40252505-1_3.jpg",Women,Bags,Handbags,Chanel,Timeless/Classique,Very good condition,Leather,Beige,"United States, from the seller YLH",40252505,"$2,744.50","$2,404.60",https://www.vestiairecollective.com/women-bags/handbags/chanel/beige-leather-timeless-classique-chanel-handbag-40252505.shtml
Cloth flats Yves Saint Laurent Blue size 8 US in Cloth ,2024-03-23,"https://images.vestiairecollective.com/images/resized/w=1246,q=75,f=auto,/produit/blue-cloth-yves-saint-laurent-flats-42584745-1_2.jpg",Women,Shoes,Flats,Yves Saint Laurent,Very good condition,Cloth,Blue,8 US,Vintage,"United States, from the seller Provenance",$97,,https://www.vestiairecollective.com/women-shoes/flats/yves-saint-laurent/blue-cloth-yves-saint-laurent-flats-42584745.shtml
Malaga leather flats Gucci Black size 40 EU in Leather ,2024-02-06,"https://images.vestiairecollective.com/images/resized/w=1246,q=75,f=auto,/produit/black-leather-malaga-gucci-flats-41139065-1_2.jpg",Women,Shoes,Flats,Gucci,Malaga,Very good condition,Leather,Black,40 EU,"United States, from the seller Marianne",$467.50,,https://www.vestiairecollective.com/women-shoes/flats/gucci/black-leather-malaga-gucci-flats-41139065.shtml
Leather flats Gucci Black size 9.5 UK in Leather ,2024-03-27,"https://images.vestiairecollective.com/images/resized/w=1246,q=75,f=auto,/produit/black-leather-gucci-flats-42698342-1_2.jpg",Men,Shoes,Flats,Gucci,Never worn,Leather,Black,9.5 UK,"United States, from the seller Amanda",42698342,$550,,https://www.vestiairecollective.com/men-shoes/flats/gucci/black-leather-gucci-flats-42698342.shtml
Leather satchel Gucci Black in Leather ,2024-03-24,"https://images.vestiairecollective.com/images/resized/w=1246,q=75,f=auto,/produit/black-leather-gucci-handbag-42532976-1_3.jpg",Women,Bags,Handbags,Gucci,Good condition,Leather,Black,Vintage,"United States, from the seller Luxehubpalace",42532976,$330,,https://www.vestiairecollective.com/women-bags/handbags/gucci/black-leather-gucci-handbag-42532976.shtml
Puffer SAM Pink size 14 years ,2023-12-13,"https://images.vestiairecollective.com/images/resized/w=1246,q=75,f=auto,/produit/pink-fur-sam-jacket-coat-39498434-1_2.jpg",Kids,Girls,Jackets & Coats,SAM,Good condition,Fur,Pink,14 years - S UK,"United States, from the seller Irina",39498434,$75.90,$23.10,https://www.vestiairecollective.com/kids-girls/jackets-coats/sam/pink-fur-sam-jacket-coat-39498434.shtml
Cloth purse Louis Vuitton Brown in Cloth ,2024-01-27,"https://images.vestiairecollective.com/images/resized/w=1246,q=75,f=auto,/produit/brown-cloth-louis-vuitton-purse-40779592-1_2.jpg",Women,Accessories,"Purses, wallets & cases",Louis Vuitton,Never worn,Cloth,Brown,"United States, from the seller MB",40779592,,$320,$265,https://www.vestiairecollective.com/women-accessories/purses-wallets-cases/louis-vuitton/brown-cloth-louis-vuitton-purse-40779592.shtml
Top Anine Bing White size 3 ans ,2024-02-24,"https://images.vestiairecollective.com/images/resized/w=1246,q=75,f=auto,/produit/white-cotton-anine-bing-top-41706937-1_2.jpg",Kids,Girls,Tops,Anine Bing,Very good condition,Cotton,White,3 ans - jusqu'à 98cm FR,"United States, from the seller Janet",41706937,$104.50,,https://www.vestiairecollective.com/kids-girls/tops/anine-bing/white-cotton-anine-bing-top-41706937.shtml
Leather bag Rick Owens Silver in Leather ,2024-03-29,"https://images.vestiairecollective.com/images/resized/w=1246,q=75,f=auto,/produit/silver-leather-rick-owens-bag-42778724-1_4.jpg",Men,Bags,Bags,Rick Owens,Never worn,Leather,Silver,"United States, from the seller Michele",42778724,,$418,,https://www.vestiairecollective.com/men-bags/bags/rick-owens/silver-leather-rick-owens-bag-42778724.shtml
Wool trousers The Row Anthracite size 30 UK ,2024-03-27,"https://images.vestiairecollective.com/images/resized/w=1246,q=75,f=auto,/produit/anthracite-wool-the-row-trousers-42658850-1_2.jpg",Men,Clothing,Trousers,The Row,Very good condition,Wool,Anthracite,"United States, from the seller Jake",42658850,,$495,,https://www.vestiairecollective.com/men-clothing/trousers/the-row/anthracite-wool-the-row-trousers-42658850.shtml
T,2024-03-24,"https://images.vestiairecollective.com/images/resized/w=1246,q=75,f=auto,/produit/white-cotton-moncler-top-42624562-1_2.jpg",Kids,Girls,Tops,Moncler,Very good condition,Cotton,White,12 ans - XS FR,"United States, from the seller Luxx",42624562,$165,,https://www.vestiairecollective.com/kids-girls/tops/moncler/white-cotton-moncler-top-42624562.shtml
Leather mini bag Miu Miu Camel in Leather ,2024-03-26,"https://images.vestiairecollective.com/images/resized/w=1246,q=75,f=auto,/produit/camel-leather-miu-miu-handbag-42688641-1_2.jpg",Women,Bags,Handbags,Miu Miu,Fair condition,Leather,Camel,Vintage,"United States, from the seller Tansy",42688641,$89.10,,https://www.vestiairecollective.com/women-bags/handbags/miu-miu/camel-leather-miu-miu-handbag-42688641.shtml
Suit Gucci Multicolour size 56 IT in Cotton ,2023-11-24,"https://images.vestiairecollective.com/images/resized/w=1246,q=75,f=auto,/produit/multicolour-cotton-gucci-suit-38942281-1_2.jpg",Men,Clothing,Suits,Gucci,"Never worn, with tag",Cotton,Multicolour,56 IT,"United States, from the seller Hotter Cooler",38942281,$702.90,,https://www.vestiairecollective.com/men-clothing/suits/gucci/multicolour-cotton-gucci-suit-38942281.shtml
Mini dress Zimmermann White size 1 0,2024-03-25,"https://images.vestiairecollective.com/images/resized/w=1246,q=75,f=auto,/produit/white-cotton-zimmermann-dress-42498188-1_1.jpg",Women,Clothing,Dresses,Zimmermann,Very good condition,Cotton,White,1 0-5,Vestiaire Collective United States,42498188,$110,,https://www.vestiairecollective.com/women-clothing/dresses/zimmermann/white-cotton-zimmermann-dress-42498188.shtml
Bermuda Burberry Brown size 10 ans ,2024-02-04,"https://images.vestiairecollective.com/images/resized/w=1246,q=75,f=auto,/produit/brown-cotton-burberry-shorts-41063939-1_2.jpg",Kids,Boys,Shorts,Burberry,"Never worn, with tag",Cotton,Brown,10 ans - jusqu'à 142cm FR,"United States, from the seller Jenya",41063939,$137.50,,https://www.vestiairecollective.com/kids-boys/shorts/burberry/brown-cotton-burberry-shorts-41063939.shtml
Neverfull leather tote Louis Vuitton Black in Leather ,2024-03-29,"https://images.vestiairecollective.com/images/resized/w=1246,q=75,f=auto,/produit/black-leather-neverfull-louis-vuitton-handbag-42758310-1_2.jpg",Women,Bags,Handbags,Louis Vuitton,Neverfull,Very good condition,Leather,Black,"United States, from the seller Brandi",42758310,"$1,677.50",,https://www.vestiairecollective.com/women-bags/handbags/louis-vuitton/black-leather-neverfull-louis-vuitton-handbag-42758310.shtml
Excursion handbag Louis Vuitton Brown in Synthetic ,2024-03-31,"https://images.vestiairecollective.com/images/resized/w=1246,q=75,f=auto,/produit/brown-synthetic-excursion-louis-vuitton-handbag-42813345-1_2.jpg",Women,Bags,Handbags,Louis Vuitton,Excursion,Good condition,Synthetic,Brown,"Japan, from the seller brandear",42813345,$306,,https://www.vestiairecollective.com/women-bags/handbags/louis-vuitton/brown-synthetic-excursion-louis-vuitton-handbag-42813345.shtml
Slim jean Rag & Bone Blue size 27 US in Cotton ,2024-03-31,"https://images.vestiairecollective.com/images/resized/w=1246,q=75,f=auto,/produit/blue-cotton-elasthane-rag-bone-jeans-42811053-1_2.jpg",Men,Clothing,Jeans,Rag & Bone,Very good condition,Cotton - elasthane,Blue,27 US,"United States, from the seller Gretchen",42811053,$86.90,,https://www.vestiairecollective.com/men-clothing/jeans/rag-bone/blue-cotton-elasthane-rag-bone-jeans-42811053.shtml
Alma leather satchel Louis Vuitton Brown in Leather ,2024-03-28,"https://images.vestiairecollective.com/images/resized/w=1246,q=75,f=auto,/produit/brown-leather-alma-louis-vuitton-handbag-42725331-1_2.jpg",Women,Bags,Handbags,Louis Vuitton,Alma,Good condition,Leather,Brown,Vintage,"United States, from the seller edita",$580.80,,https://www.vestiairecollective.com/women-bags/handbags/louis-vuitton/brown-leather-alma-louis-vuitton-handbag-42725331.shtml
Panama Loewe Green size 59 cm in Cotton ,2024-03-31,"https://images.vestiairecollective.com/images/resized/w=1246,q=75,f=auto,/produit/green-cotton-loewe-hat-42808745-1_2.jpg",Women,Accessories,Hats,Loewe,"Never worn, with tag",Cotton,Green,59 cm,"United States, from the seller Alla",42808745,$412.50,,https://www.vestiairecollective.com/women-accessories/hats/loewe/green-cotton-loewe-hat-42808745.shtml
Bayswater leather satchel Mulberry Burgundy in Leather ,2024-03-21,"https://images.vestiairecollective.com/images/resized/w=1246,q=75,f=auto,/produit/burgundy-leather-bayswater-mulberry-handbag-42519876-1_2.jpg",Women,Bags,Handbags,Mulberry,Bayswater,Very good condition,Leather,Burgundy,"United States, from the seller marisa",42519876,$430.10,$387.20,https://www.vestiairecollective.com/women-bags/handbags/mulberry/burgundy-leather-bayswater-mulberry-handbag-42519876.shtml
Alma bb leather handbag Louis Vuitton Red in Leather ,2023-12-26,"https://images.vestiairecollective.com/images/resized/w=1246,q=75,f=auto,/produit/red-leather-alma-bb-louis-vuitton-handbag-39801653-1_3.jpg",Women,Bags,Handbags,Louis Vuitton,Alma BB,Never worn,Leather,Red,"United States, from the seller K",39801653,"$4,154.70",$825,https://www.vestiairecollective.com/women-bags/handbags/louis-vuitton/red-leather-alma-bb-louis-vuitton-handbag-39801653.shtml
Leather mini bag Tory Burch Purple in Leather ,2024-03-30,"https://images.vestiairecollective.com/images/resized/w=1246,q=75,f=auto,/produit/purple-leather-tory-burch-handbag-42798697-1_2.jpg",Women,Bags,Handbags,Tory Burch,Never worn,Leather,Purple,"United States, from the seller danielle",42798697,,$159.50,,https://www.vestiairecollective.com/women-bags/handbags/tory-burch/purple-leather-tory-burch-handbag-42798697.shtml
Lancer patent leather heels Jimmy Choo Red size 39 EU in Patent leather ,2024-03-31,"https://images.vestiairecollective.com/images/resized/w=1246,q=75,f=auto,/produit/red-patent-leather-lancer-jimmy-choo-heels-42812651-1_4.jpg",Women,Shoes,Heels,Jimmy Choo,Lancer,Very good condition,Patent leather,Red,39 EU,"United Kingdom, from the seller flavia",$672.79,,https://www.vestiairecollective.com/women-shoes/heels/jimmy-choo/red-patent-leather-lancer-jimmy-choo-heels-42812651.shtml
Coussin leather handbag Louis Vuitton Beige in Leather ,2024-03-30,"https://images.vestiairecollective.com/images/resized/w=1246,q=75,f=auto,/produit/beige-leather-coussin-louis-vuitton-handbag-42784047-1_2.jpg",Women,Bags,Handbags,Louis Vuitton,Coussin,Very good condition,Leather,Beige,"United States, from the seller Shabz",42784047,"$2,351.80",,https://www.vestiairecollective.com/women-bags/handbags/louis-vuitton/beige-leather-coussin-louis-vuitton-handbag-42784047.shtml
First leather handbag Balenciaga Purple in Leather ,2024-03-31,"https://images.vestiairecollective.com/images/resized/w=1246,q=75,f=auto,/produit/purple-leather-first-balenciaga-handbag-42763120-1_3.jpg",Women,Bags,Handbags,Balenciaga,First,Fair condition,Leather,Purple,Vintage,"France, from the seller anais",,,https://www.vestiairecollective.com/women-bags/handbags/balenciaga/purple-leather-first-balenciaga-handbag-42763120.shtml
Return to tiffany silver necklace Tiffany & Co Silver in Silver ,2024-03-27,"https://images.vestiairecollective.com/images/resized/w=1246,q=75,f=auto,/produit/silver-silver-return-to-tiffany-tiffany-co-necklace-42690649-1_2.jpg",Women,Jewellery,Necklaces,Tiffany & Co,Return to Tiffany,Very good condition,Silver,Silver,Vintage,"United States, from the seller Juan",$363,,https://www.vestiairecollective.com/women-jewellery/necklaces/tiffany-co/silver-silver-return-to-tiffany-tiffany-co-necklace-42690649.shtml
Pants Nike Black size 10 years ,2024-02-17,"https://images.vestiairecollective.com/images/resized/w=1246,q=75,f=auto,/produit/black-cotton-nike-trousers-41459350-1_2.jpg",Kids,Boys,Trousers,Nike,Very good condition,Cotton,Black,10 years - until 56 inches UK,"United States, from the seller svetlana",41459350,$25.30,,https://www.vestiairecollective.com/kids-boys/trousers/nike/black-cotton-nike-trousers-41459350.shtml
Sweatshirt Gallery Dept Black size M International in Cotton ,2024-02-23,"https://images.vestiairecollective.com/images/resized/w=1246,q=75,f=auto,/produit/black-cotton-gallery-dept-knitwear-sweatshirt-41653457-1_3.jpg",Men,Clothing,Knitwear & Sweatshirts,Gallery Dept,Very good condition,Cotton,Black,M International,"United States, from the seller king",41653457,$495,$374,https://www.vestiairecollective.com/men-clothing/knitwear-sweatshirts/gallery-dept/black-cotton-gallery-dept-knitwear-sweatshirt-41653457.shtml
Trainers JORDAN Black size 5 US in Rubber ,2024-02-26,"https://images.vestiairecollective.com/images/resized/w=1246,q=75,f=auto,/produit/black-rubber-jordan-trainers-41768997-1_2.jpg",Kids,Shoes,Trainers,JORDAN,Very good condition,Rubber,Black,5 US,"United States, from the seller Nihan",41768997,$60.50,$55,https://www.vestiairecollective.com/kids-shoes/trainers/jordan/black-rubber-jordan-trainers-41768997.shtml
Purse Louis Vuitton Black in Other ,2024-03-31,"https://images.vestiairecollective.com/images/resized/w=1246,q=75,f=auto,/produit/black-other-louis-vuitton-purse-42805575-1_3.jpg",Women,Accessories,"Purses, wallets & cases",Louis Vuitton,Very good condition,Other,Black,"United States, from the seller Veronica",42805575,,$275,,https://www.vestiairecollective.com/women-accessories/purses-wallets-cases/louis-vuitton/black-other-louis-vuitton-purse-42805575.shtml
Leather belt Gucci Navy size 39 Inches in Leather ,2024-03-28,"https://images.vestiairecollective.com/images/resized/w=1246,q=75,f=auto,/produit/navy-leather-gucci-belt-42693930-1_2.jpg",Men,Accessories,Belts,Gucci,Very good condition,Leather,Navy,39 Inches,"United States, from the seller Petra",42693930,$141.90,,https://www.vestiairecollective.com/men-accessories/belts/gucci/navy-leather-gucci-belt-42693930.shtml
